日期,单位净值,LJJZ,SDATE,ACTUALSYI,NAVTYPE,净值增长量,SGZT,SHZT,FHFCZ,FHFCBZ,DTYPE,FHSP
2021/4/12,3.66,3.66,,,1,-3.2,开放申购,开放赎回,,,,
2021/4/9,3.781,3.781,,,1,-1.28,开放申购,开放赎回,,,,
2021/4/8,3.83,3.83,,,1,1.59,开放申购,开放赎回,,,,
2021/4/7,3.77,3.77,,,1,-0.82,开放申购,开放赎回,,,,
2021/4/6,3.801,3.801,,,1,-1.25,开放申购,开放赎回,,,,
2021/4/2,3.849,3.849,,,1,0.34,开放申购,开放赎回,,,,
2021/4/1,3.836,3.836,,,1,3.17,开放申购,开放赎回,,,,
2021/3/31,3.718,3.718,,,1,-1.48,开放申购,开放赎回,,,,
2021/3/30,3.774,3.774,,,1,2.47,开放申购,开放赎回,,,,
2021/3/29,3.683,3.683,,,1,-0.49,开放申购,开放赎回,,,,
2021/3/26,3.701,3.701,,,1,3.38,开放申购,开放赎回,,,,
2021/3/25,3.58,3.58,,,1,1.3,开放申购,开放赎回,,,,
2021/3/24,3.534,3.534,,,1,-0.2,开放申购,开放赎回,,,,
2021/3/23,3.541,3.541,,,1,0.06,开放申购,开放赎回,,,,
2021/3/22,3.539,3.539,,,1,1.35,开放申购,开放赎回,,,,
2021/3/19,3.492,3.492,,,1,-2.73,开放申购,开放赎回,,,,
2021/3/18,3.59,3.59,,,1,2.37,开放申购,开放赎回,,,,
2021/3/17,3.507,3.507,,,1,0.75,开放申购,开放赎回,,,,
2021/3/16,3.481,3.481,,,1,1.49,开放申购,开放赎回,,,,
2021/3/15,3.43,3.43,,,1,-4.4,开放申购,开放赎回,,,,
2021/3/12,3.588,3.588,,,1,0.39,开放申购,开放赎回,,,,
2021/3/11,3.574,3.574,,,1,2.26,开放申购,开放赎回,,,,
2021/3/10,3.495,3.495,,,1,2.73,开放申购,开放赎回,,,,
2021/3/9,3.402,3.402,,,1,-2.72,开放申购,开放赎回,,,,
2021/3/8,3.497,3.497,,,1,-5.84,开放申购,开放赎回,,,,
2021/3/5,3.714,3.714,,,1,0.32,开放申购,开放赎回,,,,
2021/3/4,3.702,3.702,,,1,-4.56,开放申购,开放赎回,,,,
2021/3/3,3.879,3.879,,,1,1.54,开放申购,开放赎回,,,,
2021/3/2,3.82,3.82,,,1,-2.15,开放申购,开放赎回,,,,
2021/3/1,3.904,3.904,,,1,0.98,开放申购,开放赎回,,,,
2021/2/26,3.866,3.866,,,1,-2.18,开放申购,开放赎回,,,,
2021/2/25,3.952,3.952,,,1,0.1,开放申购,开放赎回,,,,
2021/2/24,3.948,3.948,,,1,-3.61,开放申购,开放赎回,,,,
2021/2/23,4.096,4.096,,,1,-0.19,开放申购,开放赎回,,,,
2021/2/22,4.104,4.104,,,1,-4.49,开放申购,开放赎回,,,,
2021/2/19,4.297,4.297,,,1,0.3,开放申购,开放赎回,,,,
2021/2/18,4.284,4.284,,,1,-5.22,开放申购,开放赎回,,,,
2021/2/10,4.52,4.52,,,1,2.31,开放申购,开放赎回,,,,
2021/2/9,4.418,4.418,,,1,1.66,开放申购,开放赎回,,,,
2021/2/8,4.346,4.346,,,1,1.66,开放申购,开放赎回,,,,
2021/2/5,4.275,4.275,,,1,2.76,开放申购,开放赎回,,,,
2021/2/4,4.16,4.16,,,1,-1.63,开放申购,开放赎回,,,,
2021/2/3,4.229,4.229,,,1,0.52,开放申购,开放赎回,,,,
2021/2/2,4.207,4.207,,,1,1.01,开放申购,开放赎回,,,,
2021/2/1,4.165,4.165,,,1,2.28,开放申购,开放赎回,,,,
2021/1/29,4.072,4.072,,,1,-0.88,开放申购,开放赎回,,,,
2021/1/28,4.108,4.108,,,1,-2.84,开放申购,开放赎回,,,,
2021/1/27,4.228,4.228,,,1,-0.05,开放申购,开放赎回,,,,
2021/1/26,4.23,4.23,,,1,-3.27,开放申购,开放赎回,,,,
2021/1/25,4.373,4.373,,,1,1.13,开放申购,开放赎回,,,,
2021/1/22,4.324,4.324,,,1,5.44,开放申购,开放赎回,,,,
2021/1/21,4.101,4.101,,,1,2.09,开放申购,开放赎回,,,,
2021/1/20,4.017,4.017,,,1,3.21,开放申购,开放赎回,,,,
2021/1/19,3.892,3.892,,,1,-2.31,开放申购,开放赎回,,,,
2021/1/18,3.984,3.984,,,1,0.28,开放申购,开放赎回,,,,
2021/1/15,3.973,3.973,,,1,0.18,开放申购,开放赎回,,,,
2021/1/14,3.966,3.966,,,1,-0.97,开放申购,开放赎回,,,,
2021/1/13,4.005,4.005,,,1,-0.65,开放申购,开放赎回,,,,
2021/1/12,4.031,4.031,,,1,1.9,开放申购,开放赎回,,,,
2021/1/11,3.956,3.956,,,1,-0.55,开放申购,开放赎回,,,,
2021/1/8,3.978,3.978,,,1,-0.38,开放申购,开放赎回,,,,
2021/1/7,3.993,3.993,,,1,0.88,开放申购,开放赎回,,,,
2021/1/6,3.958,3.958,,,1,1.91,开放申购,开放赎回,,,,
2021/1/5,3.884,3.884,,,1,1.49,开放申购,开放赎回,,,,
2021/1/4,3.827,3.827,,,1,-0.23,开放申购,开放赎回,,,,
2020/12/31,3.836,3.836,,,1,1.08,开放申购,开放赎回,,,,
2020/12/30,3.795,3.795,,,1,1.66,开放申购,开放赎回,,,,
2020/12/29,3.733,3.733,,,1,-0.53,开放申购,开放赎回,,,,
2020/12/28,3.753,3.753,,,1,-0.64,开放申购,开放赎回,,,,
2020/12/25,3.777,3.777,,,1,2.39,开放申购,开放赎回,,,,
2020/12/24,3.689,3.689,,,1,-0.16,开放申购,开放赎回,,,,
2020/12/23,3.695,3.695,,,1,-0.3,开放申购,开放赎回,,,,
2020/12/22,3.706,3.706,,,1,-1.01,开放申购,开放赎回,,,,
2020/12/21,3.744,3.744,,,1,2.02,开放申购,开放赎回,,,,
2020/12/18,3.67,3.67,,,1,-1.08,开放申购,开放赎回,,,,
2020/12/17,3.71,3.71,,,1,2.01,开放申购,开放赎回,,,,
2020/12/16,3.637,3.637,,,1,0.55,开放申购,开放赎回,,,,
2020/12/15,3.617,3.617,,,1,1.23,开放申购,开放赎回,,,,
2020/12/14,3.573,3.573,,,1,1.91,开放申购,开放赎回,,,,
2020/12/11,3.506,3.506,,,1,-0.88,开放申购,开放赎回,,,,
2020/12/10,3.537,3.537,,,1,0.71,开放申购,开放赎回,,,,
2020/12/9,3.512,3.512,,,1,-2.12,开放申购,开放赎回,,,,
2020/12/8,3.588,3.588,,,1,0.42,开放申购,开放赎回,,,,
2020/12/7,3.573,3.573,,,1,-0.03,开放申购,开放赎回,,,,
2020/12/4,3.574,3.574,,,1,1.51,开放申购,开放赎回,,,,
2020/12/3,3.521,3.521,,,1,2.12,开放申购,开放赎回,,,,
2020/12/2,3.448,3.448,,,1,-0.06,开放申购,开放赎回,,,,
2020/12/1,3.45,3.45,,,1,2.77,开放申购,开放赎回,,,,
2020/11/30,3.357,3.357,,,1,-0.06,开放申购,开放赎回,,,,
2020/11/27,3.359,3.359,,,1,0.6,开放申购,开放赎回,,,,
2020/11/26,3.339,3.339,,,1,-0.06,开放申购,开放赎回,,,,
2020/11/25,3.341,3.341,,,1,-3.13,开放申购,开放赎回,,,,
2020/11/24,3.449,3.449,,,1,-0.58,开放申购,开放赎回,,,,
2020/11/23,3.469,3.469,,,1,-0.63,开放申购,开放赎回,,,,
2020/11/20,3.491,3.491,,,1,0.81,开放申购,开放赎回,,,,
2020/11/19,3.463,3.463,,,1,0.67,开放申购,开放赎回,,,,
2020/11/18,3.44,3.44,,,1,-1.97,开放申购,开放赎回,,,,
2020/11/17,3.509,3.509,,,1,-2.74,开放申购,开放赎回,,,,
2020/11/16,3.608,3.608,,,1,0.14,开放申购,开放赎回,,,,
2020/11/13,3.603,3.603,,,1,0.33,开放申购,开放赎回,,,,
2020/11/12,3.591,3.591,,,1,1.1,开放申购,开放赎回,,,,
2020/11/11,3.552,3.552,,,1,-2.98,开放申购,开放赎回,,,,
2020/11/10,3.661,3.661,,,1,-1.67,开放申购,开放赎回,,,,
2020/11/9,3.723,3.723,,,1,1.44,开放申购,开放赎回,,,,
2020/11/6,3.67,3.67,,,1,-2.42,开放申购,开放赎回,,,,
2020/11/5,3.761,3.761,,,1,-0.21,开放申购,开放赎回,,,,
2020/11/4,3.769,3.769,,,1,0.27,开放申购,开放赎回,,,,
2020/11/3,3.759,3.759,,,1,0.67,开放申购,开放赎回,,,,
2020/11/2,3.734,3.734,,,1,0.13,开放申购,开放赎回,,,,
2020/10/30,3.729,3.729,,,1,-1.32,开放申购,开放赎回,,,,
2020/10/29,3.779,3.779,,,1,2.16,开放申购,开放赎回,,,,
2020/10/28,3.699,3.699,,,1,0.3,开放申购,开放赎回,,,,
2020/10/27,3.688,3.688,,,1,3.13,开放申购,开放赎回,,,,
2020/10/26,3.576,3.576,,,1,0.96,开放申购,开放赎回,,,,
2020/10/23,3.542,3.542,,,1,-3.75,开放申购,开放赎回,,,,
2020/10/22,3.68,3.68,,,1,-1.45,开放申购,开放赎回,,,,
2020/10/21,3.734,3.734,,,1,-0.37,开放申购,开放赎回,,,,
2020/10/20,3.748,3.748,,,1,0.29,开放申购,开放赎回,,,,
2020/10/19,3.737,3.737,,,1,-2.63,开放申购,开放赎回,,,,
2020/10/16,3.838,3.838,,,1,-0.18,开放申购,开放赎回,,,,
2020/10/15,3.845,3.845,,,1,-1.11,开放申购,开放赎回,,,,
2020/10/14,3.888,3.888,,,1,0.34,开放申购,开放赎回,,,,
2020/10/13,3.875,3.875,,,1,1.39,开放申购,开放赎回,,,,
2020/10/12,3.822,3.822,,,1,2.55,开放申购,开放赎回,,,,
2020/10/9,3.727,3.727,,,1,1.58,开放申购,开放赎回,,,,
2020/9/30,3.669,3.669,,,1,2.26,开放申购,开放赎回,,,,
2020/9/29,3.588,3.588,,,1,1.3,开放申购,开放赎回,,,,
2020/9/28,3.542,3.542,,,1,-1.34,开放申购,开放赎回,,,,
2020/9/25,3.59,3.59,,,1,0.84,开放申购,开放赎回,,,,
2020/9/24,3.56,3.56,,,1,-1.55,开放申购,开放赎回,,,,
2020/9/23,3.616,3.616,,,1,3.46,开放申购,开放赎回,,,,
2020/9/22,3.495,3.495,,,1,0.49,开放申购,开放赎回,,,,
2020/9/21,3.478,3.478,,,1,-0.8,开放申购,开放赎回,,,,
2020/9/18,3.506,3.506,,,1,1.21,开放申购,开放赎回,,,,
2020/9/17,3.464,3.464,,,1,-1.28,开放申购,开放赎回,,,,
2020/9/16,3.509,3.509,,,1,-1.87,开放申购,开放赎回,,,,
2020/9/15,3.576,3.576,,,1,1.33,开放申购,开放赎回,,,,
2020/9/14,3.529,3.529,,,1,-0.68,开放申购,开放赎回,,,,
2020/9/11,3.553,3.553,,,1,1.75,开放申购,开放赎回,,,,
2020/9/10,3.492,3.492,,,1,0.11,开放申购,开放赎回,,,,
2020/9/9,3.488,3.488,,,1,-3.83,开放申购,开放赎回,,,,
2020/9/8,3.627,3.627,,,1,-0.22,开放申购,开放赎回,,,,
2020/9/7,3.635,3.635,,,1,-3.61,开放申购,开放赎回,,,,
2020/9/4,3.771,3.771,,,1,-1.69,开放申购,开放赎回,,,,
2020/9/3,3.836,3.836,,,1,-0.54,开放申购,开放赎回,,,,
2020/9/2,3.857,3.857,,,1,-0.31,开放申购,开放赎回,,,,
2020/9/1,3.869,3.869,,,1,-0.15,开放申购,开放赎回,,,,
2020/8/31,3.875,3.875,,,1,-0.64,开放申购,开放赎回,,,,
2020/8/28,3.9,3.9,,,1,2.58,开放申购,开放赎回,,,,
2020/8/27,3.802,3.802,,,1,1.6,开放申购,开放赎回,,,,
2020/8/26,3.742,3.742,,,1,-0.74,开放申购,开放赎回,,,,
2020/8/25,3.77,3.77,,,1,0.53,开放申购,开放赎回,,,,
2020/8/24,3.75,3.75,,,1,0.37,开放申购,开放赎回,,,,
2020/8/21,3.736,3.736,,,1,1,开放申购,开放赎回,,,,
2020/8/20,3.699,3.699,,,1,-1.33,开放申购,开放赎回,,,,
2020/8/19,3.749,3.749,,,1,-2.52,开放申购,开放赎回,,,,
2020/8/18,3.846,3.846,,,1,1.26,开放申购,开放赎回,,,,
2020/8/17,3.798,3.798,,,1,0.93,开放申购,开放赎回,,,,
2020/8/14,3.763,3.763,,,1,0.62,开放申购,开放赎回,,,,
2020/8/13,3.74,3.74,,,1,-1.55,开放申购,开放赎回,,,,
2020/8/12,3.799,3.799,,,1,-3.16,开放申购,开放赎回,,,,
2020/8/11,3.923,3.923,,,1,-1.43,开放申购,开放赎回,,,,
2020/8/10,3.98,3.98,,,1,0.2,开放申购,开放赎回,,,,
2020/8/7,3.972,3.972,,,1,-1.44,开放申购,开放赎回,,,,
2020/8/6,4.03,4.03,,,1,-2.54,开放申购,开放赎回,,,,
2020/8/5,4.135,4.135,,,1,2.05,开放申购,开放赎回,,,,
2020/8/4,4.052,4.052,,,1,-1.91,开放申购,开放赎回,,,,
2020/8/3,4.131,4.131,,,1,2.97,开放申购,开放赎回,,,,
2020/7/31,4.012,4.012,,,1,2.19,开放申购,开放赎回,,,,
2020/7/30,3.926,3.926,,,1,0.62,开放申购,开放赎回,,,,
2020/7/29,3.902,3.902,,,1,3.47,开放申购,开放赎回,,,,
2020/7/28,3.771,3.771,,,1,0.27,开放申购,开放赎回,,,,
2020/7/27,3.761,3.761,,,1,1.05,开放申购,开放赎回,,,,
2020/7/24,3.722,3.722,,,1,-5.56,开放申购,开放赎回,,,,
2020/7/23,3.941,3.941,,,1,2.66,开放申购,开放赎回,,,,
2020/7/22,3.839,3.839,,,1,2.02,开放申购,开放赎回,,,,
2020/7/21,3.763,3.763,,,1,4.67,开放申购,开放赎回,,,,
2020/7/20,3.595,3.595,,,1,-0.5,开放申购,开放赎回,,,,
2020/7/17,3.613,3.613,,,1,1.23,开放申购,开放赎回,,,,
2020/7/16,3.569,3.569,,,1,-5.28,开放申购,开放赎回,,,,
2020/7/15,3.768,3.768,,,1,0.86,开放申购,开放赎回,,,,
2020/7/14,3.736,3.736,,,1,-0.35,开放申购,开放赎回,,,,
2020/7/13,3.749,3.749,,,1,3.14,开放申购,开放赎回,,,,
2020/7/10,3.635,3.635,,,1,1.71,开放申购,开放赎回,,,,
2020/7/9,3.574,3.574,,,1,3.29,开放申购,开放赎回,,,,
2020/7/8,3.46,3.46,,,1,0.29,开放申购,开放赎回,,,,
2020/7/7,3.45,3.45,,,1,2.07,开放申购,开放赎回,,,,
2020/7/6,3.38,3.38,,,1,-0.53,开放申购,开放赎回,,,,
2020/7/3,3.398,3.398,,,1,0.92,开放申购,开放赎回,,,,
2020/7/2,3.367,3.367,,,1,-1.38,开放申购,开放赎回,,,,
2020/7/1,3.414,3.414,,,1,-1.67,开放申购,开放赎回,,,,
2020/6/30,3.472,3.472,,,1,1.4,开放申购,开放赎回,,,,
2020/6/29,3.424,3.424,,,1,0.56,开放申购,开放赎回,,,,
2020/6/24,3.405,3.405,,,1,-0.53,开放申购,开放赎回,,,,
2020/6/23,3.423,3.423,,,1,2.61,开放申购,开放赎回,,,,
2020/6/22,3.336,3.336,,,1,0.63,开放申购,开放赎回,,,,
2020/6/19,3.315,3.315,,,1,2.79,开放申购,开放赎回,,,,
2020/6/18,3.225,3.225,,,1,-1.41,开放申购,开放赎回,,,,
2020/6/17,3.271,3.271,,,1,1.33,开放申购,开放赎回,,,,
2020/6/16,3.228,3.228,,,1,2.84,开放申购,开放赎回,,,,
2020/6/15,3.139,3.139,,,1,1.19,开放申购,开放赎回,,,,
2020/6/12,3.102,3.102,,,1,1.37,开放申购,开放赎回,,,,
2020/6/11,3.06,3.06,,,1,-0.68,开放申购,开放赎回,,,,
2020/6/10,3.081,3.081,,,1,2.16,开放申购,开放赎回,,,,
2020/6/9,3.016,3.016,,,1,1.89,开放申购,开放赎回,,,,
2020/6/8,2.96,2.96,,,1,-1.79,开放申购,开放赎回,,,,
2020/6/5,3.014,3.014,,,1,1.07,开放申购,开放赎回,,,,
2020/6/4,2.982,2.982,,,1,1.36,开放申购,开放赎回,,,,
2020/6/3,2.942,2.942,,,1,0.68,开放申购,开放赎回,,,,
2020/6/2,2.922,2.922,,,1,-1.55,开放申购,开放赎回,,,,
2020/6/1,2.968,2.968,,,1,1.57,开放申购,开放赎回,,,,
2020/5/29,2.922,2.922,,,1,2.35,开放申购,开放赎回,,,,
2020/5/28,2.855,2.855,,,1,-1.45,开放申购,开放赎回,,,,
2020/5/27,2.897,2.897,,,1,-2.46,开放申购,开放赎回,,,,
2020/5/26,2.97,2.97,,,1,2.48,开放申购,开放赎回,,,,
2020/5/25,2.898,2.898,,,1,1.36,开放申购,开放赎回,,,,
2020/5/22,2.859,2.859,,,1,-1.95,开放申购,开放赎回,,,,
2020/5/21,2.916,2.916,,,1,0.52,开放申购,开放赎回,,,,
2020/5/20,2.901,2.901,,,1,-1.89,开放申购,开放赎回,,,,
2020/5/19,2.957,2.957,,,1,1.72,开放申购,开放赎回,,,,
2020/5/18,2.907,2.907,,,1,1.54,开放申购,开放赎回,,,,
2020/5/15,2.863,2.863,,,1,-0.59,开放申购,开放赎回,,,,
2020/5/14,2.88,2.88,,,1,-0.24,开放申购,开放赎回,,,,
2020/5/13,2.887,2.887,,,1,2.52,开放申购,开放赎回,,,,
2020/5/12,2.816,2.816,,,1,1.73,开放申购,开放赎回,,,,
2020/5/11,2.768,2.768,,,1,-0.86,开放申购,开放赎回,,,,
2020/5/8,2.792,2.792,,,1,0.72,开放申购,开放赎回,,,,
2020/5/7,2.772,2.772,,,1,0,开放申购,开放赎回,,,,
2020/5/6,2.772,2.772,,,1,2.14,开放申购,开放赎回,,,,
2020/4/30,2.714,2.714,,,1,-0.95,开放申购,开放赎回,,,,
2020/4/29,2.74,2.74,,,1,-1.3,开放申购,开放赎回,,,,
2020/4/28,2.776,2.776,,,1,0.87,开放申购,开放赎回,,,,
2020/4/27,2.752,2.752,,,1,2.61,开放申购,开放赎回,,,,
2020/4/24,2.682,2.682,,,1,-1.87,开放申购,开放赎回,,,,
2020/4/23,2.733,2.733,,,1,0.11,开放申购,开放赎回,,,,
2020/4/22,2.73,2.73,,,1,2.32,开放申购,开放赎回,,,,
2020/4/21,2.668,2.668,,,1,-0.82,开放申购,开放赎回,,,,
2020/4/20,2.69,2.69,,,1,1.59,开放申购,开放赎回,,,,
2020/4/17,2.648,2.648,,,1,-0.94,开放申购,开放赎回,,,,
2020/4/16,2.673,2.673,,,1,0.68,开放申购,开放赎回,,,,
2020/4/15,2.655,2.655,,,1,-0.6,开放申购,开放赎回,,,,
2020/4/14,2.671,2.671,,,1,2.22,开放申购,开放赎回,,,,
2020/4/13,2.613,2.613,,,1,0.42,开放申购,开放赎回,,,,
2020/4/10,2.602,2.602,,,1,-1.7,开放申购,开放赎回,,,,
2020/4/9,2.647,2.647,,,1,3.12,开放申购,开放赎回,,,,
2020/4/8,2.567,2.567,,,1,-0.89,开放申购,开放赎回,,,,
2020/4/7,2.59,2.59,,,1,2.9,开放申购,开放赎回,,,,
2020/4/3,2.517,2.517,,,1,0.88,开放申购,开放赎回,,,,
2020/4/2,2.495,2.495,,,1,1.59,开放申购,开放赎回,,,,
2020/4/1,2.456,2.456,,,1,-2,开放申购,开放赎回,,,,
2020/3/31,2.506,2.506,,,1,0.72,开放申购,开放赎回,,,,
2020/3/30,2.488,2.488,,,1,-1.03,开放申购,开放赎回,,,,
2020/3/27,2.514,2.514,,,1,-0.16,开放申购,开放赎回,,,,
2020/3/26,2.518,2.518,,,1,1.78,开放申购,开放赎回,,,,
2020/3/25,2.474,2.474,,,1,3.26,开放申购,开放赎回,,,,
2020/3/24,2.396,2.396,,,1,2.66,开放申购,开放赎回,,,,
2020/3/23,2.334,2.334,,,1,-2.02,开放申购,开放赎回,,,,
2020/3/20,2.382,2.382,,,1,2.81,开放申购,开放赎回,,,,
2020/3/19,2.317,2.317,,,1,-0.77,开放申购,开放赎回,,,,
2020/3/18,2.335,2.335,,,1,-1.14,开放申购,开放赎回,,,,
2020/3/17,2.362,2.362,,,1,0.38,开放申购,开放赎回,,,,
2020/3/16,2.353,2.353,,,1,-4.43,开放申购,开放赎回,,,,
2020/3/13,2.462,2.462,,,1,-1.16,开放申购,开放赎回,,,,
2020/3/12,2.491,2.491,,,1,-3.11,开放申购,开放赎回,,,,
2020/3/11,2.571,2.571,,,1,-1.31,开放申购,开放赎回,,,,
2020/3/10,2.605,2.605,,,1,0.31,开放申购,开放赎回,,,,
2020/3/9,2.597,2.597,,,1,-1.96,开放申购,开放赎回,,,,
2020/3/6,2.649,2.649,,,1,0.3,开放申购,开放赎回,,,,
2020/3/5,2.641,2.641,,,1,2.21,开放申购,开放赎回,,,,
2020/3/4,2.584,2.584,,,1,-0.04,开放申购,开放赎回,,,,
2020/3/3,2.585,2.585,,,1,3.73,开放申购,开放赎回,,,,
2020/3/2,2.492,2.492,,,1,2.89,开放申购,开放赎回,,,,
2020/2/28,2.422,2.422,,,1,-2.34,开放申购,开放赎回,,,,
2020/2/27,2.48,2.48,,,1,1.27,开放申购,开放赎回,,,,
2020/2/26,2.449,2.449,,,1,-3.2,开放申购,开放赎回,,,,
2020/2/25,2.53,2.53,,,1,1.12,开放申购,开放赎回,,,,
2020/2/24,2.502,2.502,,,1,1.17,开放申购,开放赎回,,,,
2020/2/21,2.473,2.473,,,1,0.98,开放申购,开放赎回,,,,
2020/2/20,2.449,2.449,,,1,1.32,开放申购,开放赎回,,,,
2020/2/19,2.417,2.417,,,1,-1.51,开放申购,开放赎回,,,,
2020/2/18,2.454,2.454,,,1,-0.53,开放申购,开放赎回,,,,
2020/2/17,2.467,2.467,,,1,2.66,开放申购,开放赎回,,,,
2020/2/14,2.403,2.403,,,1,0.25,开放申购,开放赎回,,,,
2020/2/13,2.397,2.397,,,1,-0.79,开放申购,开放赎回,,,,
2020/2/12,2.416,2.416,,,1,1.17,开放申购,开放赎回,,,,
2020/2/11,2.388,2.388,,,1,0.25,开放申购,开放赎回,,,,
2020/2/10,2.382,2.382,,,1,-0.33,开放申购,开放赎回,,,,
2020/2/7,2.39,2.39,,,1,-1.12,开放申购,开放赎回,,,,
2020/2/6,2.417,2.417,,,1,2.46,开放申购,开放赎回,,,,
2020/2/5,2.359,2.359,,,1,2.83,开放申购,开放赎回,,,,
2020/2/4,2.294,2.294,,,1,2.82,开放申购,开放赎回,,,,
2020/2/3,2.231,2.231,,,1,-4.08,开放申购,开放赎回,,,,
2020/1/23,2.326,2.326,,,1,-2.27,开放申购,开放赎回,,,,
2020/1/22,2.38,2.38,,,1,-0.54,开放申购,开放赎回,,,,
2020/1/21,2.393,2.393,,,1,0.84,开放申购,开放赎回,,,,
2020/1/20,2.373,2.373,,,1,1.32,开放申购,开放赎回,,,,
2020/1/17,2.342,2.342,,,1,1.25,开放申购,开放赎回,,,,
2020/1/16,2.313,2.313,,,1,0.92,开放申购,开放赎回,,,,
2020/1/15,2.292,2.292,,,1,0.84,开放申购,开放赎回,,,,
2020/1/14,2.273,2.273,,,1,-1,开放申购,开放赎回,,,,
2020/1/13,2.296,2.296,,,1,0.97,开放申购,开放赎回,,,,
2020/1/10,2.274,2.274,,,1,0.4,开放申购,开放赎回,,,,
2020/1/9,2.265,2.265,,,1,3.1,开放申购,开放赎回,,,,
2020/1/8,2.197,2.197,,,1,-0.63,开放申购,开放赎回,,,,
2020/1/7,2.211,2.211,,,1,1.33,开放申购,开放赎回,,,,
2020/1/6,2.182,2.182,,,1,-1.09,开放申购,开放赎回,,,,
2020/1/3,2.206,2.206,,,1,-0.23,开放申购,开放赎回,,,,
2020/1/2,2.211,2.211,,,1,0.41,开放申购,开放赎回,,,,
2019/12/31,2.202,2.202,,,1,2.09,开放申购,开放赎回,,,,
2019/12/30,2.157,2.157,,,1,0.14,开放申购,开放赎回,,,,
2019/12/27,2.154,2.154,,,1,-0.55,开放申购,开放赎回,,,,
2019/12/26,2.166,2.166,,,1,0.56,开放申购,开放赎回,,,,
2019/12/25,2.154,2.154,,,1,-0.14,开放申购,开放赎回,,,,
2019/12/24,2.157,2.157,,,1,0.09,开放申购,开放赎回,,,,
2019/12/23,2.155,2.155,,,1,-0.65,开放申购,开放赎回,,,,
2019/12/20,2.169,2.169,,,1,-1,开放申购,开放赎回,,,,
2019/12/19,2.191,2.191,,,1,-0.23,开放申购,开放赎回,,,,
2019/12/18,2.196,2.196,,,1,-1.21,开放申购,开放赎回,,,,
2019/12/17,2.223,2.223,,,1,0.45,开放申购,开放赎回,,,,
2019/12/16,2.213,2.213,,,1,0.32,开放申购,开放赎回,,,,
2019/12/13,2.206,2.206,,,1,1.8,开放申购,开放赎回,,,,
2019/12/12,2.167,2.167,,,1,0.37,开放申购,开放赎回,,,,
2019/12/11,2.159,2.159,,,1,-0.28,开放申购,开放赎回,,,,
2019/12/10,2.165,2.165,,,1,1.03,开放申购,开放赎回,,,,
2019/12/9,2.143,2.143,,,1,-1.74,开放申购,开放赎回,,,,
2019/12/6,2.181,2.181,,,1,0.69,开放申购,开放赎回,,,,
2019/12/5,2.166,2.166,,,1,1.4,开放申购,开放赎回,,,,
2019/12/4,2.136,2.136,,,1,0.61,开放申购,开放赎回,,,,
2019/12/3,2.123,2.123,,,1,0,开放申购,开放赎回,,,,
2019/12/2,2.123,2.123,,,1,-1.35,开放申购,开放赎回,,,,
2019/11/29,2.152,2.152,,,1,-2.23,开放申购,开放赎回,,,,
2019/11/28,2.201,2.201,,,1,0.09,开放申购,开放赎回,,,,
2019/11/27,2.199,2.199,,,1,-0.95,开放申购,开放赎回,,,,
2019/11/26,2.22,2.22,,,1,0.77,开放申购,开放赎回,,,,
2019/11/25,2.203,2.203,,,1,-0.94,开放申购,开放赎回,,,,
2019/11/22,2.224,2.224,,,1,-3.89,开放申购,开放赎回,,,,
2019/11/21,2.314,2.314,,,1,-1.2,开放申购,开放赎回,,,,
2019/11/20,2.342,2.342,,,1,-0.26,开放申购,开放赎回,,,,
2019/11/19,2.348,2.348,,,1,2.04,开放申购,开放赎回,,,,
2019/11/18,2.301,2.301,,,1,0.22,开放申购,开放赎回,,,,
2019/11/15,2.296,2.296,,,1,-0.35,开放申购,开放赎回,,,,
2019/11/14,2.304,2.304,,,1,1.5,开放申购,开放赎回,,,,
2019/11/13,2.27,2.27,,,1,1.79,开放申购,开放赎回,,,,
2019/11/12,2.23,2.23,,,1,0.45,开放申购,开放赎回,,,,
2019/11/11,2.22,2.22,,,1,-2.5,开放申购,开放赎回,,,,
2019/11/8,2.277,2.277,,,1,-0.26,开放申购,开放赎回,,,,
2019/11/7,2.283,2.283,,,1,0.31,开放申购,开放赎回,,,,
2019/11/6,2.276,2.276,,,1,-0.35,开放申购,开放赎回,,,,
2019/11/5,2.284,2.284,,,1,-0.35,开放申购,开放赎回,,,,
2019/11/4,2.292,2.292,,,1,2.09,开放申购,开放赎回,,,,
2019/11/1,2.245,2.245,,,1,1.22,开放申购,开放赎回,,,,
2019/10/31,2.218,2.218,,,1,1.19,开放申购,开放赎回,,,,
2019/10/30,2.192,2.192,,,1,-0.77,开放申购,开放赎回,,,,
2019/10/29,2.209,2.209,,,1,0.73,开放申购,开放赎回,,,,
2019/10/28,2.193,2.193,,,1,1.62,开放申购,开放赎回,,,,
2019/10/25,2.158,2.158,,,1,0.94,开放申购,开放赎回,,,,
2019/10/24,2.138,2.138,,,1,-0.79,开放申购,开放赎回,,,,
2019/10/23,2.155,2.155,,,1,-2,开放申购,开放赎回,,,,
2019/10/22,2.199,2.199,,,1,1.1,开放申购,开放赎回,,,,
2019/10/21,2.175,2.175,,,1,-2.03,开放申购,开放赎回,,,,
2019/10/18,2.22,2.22,,,1,-0.4,开放申购,开放赎回,,,,
2019/10/17,2.229,2.229,,,1,0.77,开放申购,开放赎回,,,,
2019/10/16,2.212,2.212,,,1,0.68,开放申购,开放赎回,,,,
2019/10/15,2.197,2.197,,,1,-0.41,开放申购,开放赎回,,,,
2019/10/14,2.206,2.206,,,1,0.14,开放申购,开放赎回,,,,
2019/10/11,2.203,2.203,,,1,0.32,开放申购,开放赎回,,,,
2019/10/10,2.196,2.196,,,1,4.32,开放申购,开放赎回,,,,
2019/10/9,2.105,2.105,,,1,-0.43,开放申购,开放赎回,,,,
2019/10/8,2.114,2.114,,,1,0.48,开放申购,开放赎回,,,,
2019/9/30,2.104,2.104,,,1,0.33,开放申购,开放赎回,,,,
2019/9/27,2.097,2.097,,,1,0.29,开放申购,开放赎回,,,,
2019/9/26,2.091,2.091,,,1,-1.41,开放申购,开放赎回,,,,
2019/9/25,2.121,2.121,,,1,-0.75,开放申购,开放赎回,,,,
2019/9/24,2.137,2.137,,,1,2.15,开放申购,开放赎回,,,,
2019/9/23,2.092,2.092,,,1,-1.18,开放申购,开放赎回,,,,
2019/9/20,2.117,2.117,,,1,0.67,开放申购,开放赎回,,,,
2019/9/19,2.103,2.103,,,1,0.77,开放申购,开放赎回,,,,
2019/9/18,2.087,2.087,,,1,0.97,开放申购,开放赎回,,,,
2019/9/17,2.067,2.067,,,1,-0.82,开放申购,开放赎回,,,,
2019/9/16,2.084,2.084,,,1,0.97,开放申购,开放赎回,,,,
2019/9/12,2.064,2.064,,,1,0.19,开放申购,开放赎回,,,,
2019/9/11,2.06,2.06,,,1,-1.81,开放申购,开放赎回,,,,
2019/9/10,2.098,2.098,,,1,0.82,开放申购,开放赎回,,,,
2019/9/9,2.081,2.081,,,1,0.24,开放申购,开放赎回,,,,
2019/9/6,2.076,2.076,,,1,0.48,开放申购,开放赎回,,,,
2019/9/5,2.066,2.066,,,1,-0.19,开放申购,开放赎回,,,,
2019/9/4,2.07,2.07,,,1,-0.48,开放申购,开放赎回,,,,
2019/9/3,2.08,2.08,,,1,-0.91,开放申购,开放赎回,,,,
2019/9/2,2.099,2.099,,,1,1.06,开放申购,开放赎回,,,,
2019/8/30,2.077,2.077,,,1,0.68,开放申购,开放赎回,,,,
2019/8/29,2.063,2.063,,,1,-0.15,开放申购,开放赎回,,,,
2019/8/28,2.066,2.066,,,1,-1.01,开放申购,开放赎回,,,,
2019/8/27,2.087,2.087,,,1,0.77,开放申购,开放赎回,,,,
2019/8/26,2.071,2.071,,,1,0.73,开放申购,开放赎回,,,,
2019/8/23,2.056,2.056,,,1,2.65,开放申购,开放赎回,,,,
2019/8/22,2.003,2.003,,,1,1.21,开放申购,开放赎回,,,,
2019/8/21,1.979,1.979,,,1,-0.6,开放申购,开放赎回,,,,
2019/8/20,1.991,1.991,,,1,-0.15,开放申购,开放赎回,,,,
2019/8/19,1.994,1.994,,,1,1.68,开放申购,开放赎回,,,,
2019/8/16,1.961,1.961,,,1,1.45,开放申购,开放赎回,,,,
2019/8/15,1.933,1.933,,,1,0.42,开放申购,开放赎回,,,,
2019/8/14,1.925,1.925,,,1,1.42,开放申购,开放赎回,,,,
2019/8/13,1.898,1.898,,,1,0.16,开放申购,开放赎回,,,,
2019/8/12,1.895,1.895,,,1,1.17,开放申购,开放赎回,,,,
2019/8/9,1.873,1.873,,,1,0.43,开放申购,开放赎回,,,,
2019/8/8,1.865,1.865,,,1,1.8,开放申购,开放赎回,,,,
2019/8/7,1.832,1.832,,,1,1.44,开放申购,开放赎回,,,,
2019/8/6,1.806,1.806,,,1,0.06,开放申购,开放赎回,,,,
2019/8/5,1.805,1.805,,,1,-1.47,开放申购,开放赎回,,,,
2019/8/2,1.832,1.832,,,1,0.22,开放申购,开放赎回,,,,
2019/8/1,1.828,1.828,,,1,-0.87,开放申购,开放赎回,,,,
2019/7/31,1.844,1.844,,,1,-0.54,开放申购,开放赎回,,,,
2019/7/30,1.854,1.854,,,1,0.32,开放申购,开放赎回,,,,
2019/7/29,1.848,1.848,,,1,-0.54,开放申购,开放赎回,,,,
2019/7/26,1.858,1.858,,,1,0.7,开放申购,开放赎回,,,,
2019/7/25,1.845,1.845,,,1,0,开放申购,开放赎回,,,,
2019/7/24,1.845,1.845,,,1,0.6,开放申购,开放赎回,,,,
2019/7/23,1.834,1.834,,,1,0.66,开放申购,开放赎回,,,,
2019/7/22,1.822,1.822,,,1,-0.38,开放申购,开放赎回,,,,
2019/7/19,1.829,1.829,,,1,0.38,开放申购,开放赎回,,,,
2019/7/18,1.822,1.822,,,1,-1.03,开放申购,开放赎回,,,,
2019/7/17,1.841,1.841,,,1,-0.27,开放申购,开放赎回,,,,
2019/7/16,1.846,1.846,,,1,-0.75,开放申购,开放赎回,,,,
2019/7/15,1.86,1.86,,,1,0.16,开放申购,开放赎回,,,,
2019/7/12,1.857,1.857,,,1,0.54,开放申购,开放赎回,,,,
2019/7/11,1.847,1.847,,,1,0.38,开放申购,开放赎回,,,,
2019/7/10,1.84,1.84,,,1,0.38,开放申购,开放赎回,,,,
2019/7/9,1.833,1.833,,,1,-0.16,开放申购,开放赎回,,,,
2019/7/8,1.836,1.836,,,1,-1.87,开放申购,开放赎回,,,,
2019/7/5,1.871,1.871,,,1,1.8,开放申购,开放赎回,,,,
2019/7/4,1.838,1.838,,,1,-1.34,开放申购,开放赎回,,,,
2019/7/3,1.863,1.863,,,1,-1.64,开放申购,开放赎回,,,,
2019/7/2,1.894,1.894,,,1,1.66,开放申购,开放赎回,,,,
2019/7/1,1.863,1.863,,,1,2.53,开放申购,开放赎回,,,,
2019/6/28,1.817,1.817,,,1,-0.16,开放申购,开放赎回,,,,
2019/6/27,1.82,1.82,,,1,1.34,开放申购,开放赎回,,,,
2019/6/26,1.796,1.796,,,1,1.58,开放申购,开放赎回,,,,
2019/6/25,1.768,1.768,,,1,-0.11,开放申购,开放赎回,,,,
2019/6/24,1.77,1.77,,,1,0.17,开放申购,开放赎回,,,,
2019/6/21,1.767,1.767,,,1,0.34,开放申购,开放赎回,,,,
2019/6/20,1.761,1.761,,,1,1.73,开放申购,开放赎回,,,,
2019/6/19,1.731,1.731,,,1,1.29,开放申购,开放赎回,,,,
2019/6/18,1.709,1.709,,,1,0.65,开放申购,开放赎回,,,,
2019/6/17,1.698,1.698,,,1,-0.18,开放申购,开放赎回,,,,
2019/6/14,1.701,1.701,,,1,-0.06,开放申购,开放赎回,,,,
2019/6/13,1.702,1.702,,,1,0.65,开放申购,开放赎回,,,,
2019/6/12,1.691,1.691,,,1,-0.35,开放申购,开放赎回,,,,
2019/6/11,1.697,1.697,,,1,2.97,开放申购,开放赎回,,,,
2019/6/10,1.648,1.648,,,1,0.98,开放申购,开放赎回,,,,
2019/6/6,1.632,1.632,,,1,-1.33,开放申购,开放赎回,,,,
2019/6/5,1.654,1.654,,,1,-2.36,开放申购,开放赎回,,,,
2019/6/4,1.694,1.694,,,1,-1.91,开放申购,开放赎回,,,,
2019/6/3,1.727,1.727,,,1,-0.4,开放申购,开放赎回,,,,
2019/5/31,1.734,1.734,,,1,0.41,开放申购,开放赎回,,,,
2019/5/30,1.727,1.727,,,1,-0.12,开放申购,开放赎回,,,,
2019/5/29,1.729,1.729,,,1,-0.35,开放申购,开放赎回,,,,
2019/5/28,1.735,1.735,,,1,0.75,开放申购,开放赎回,,,,
2019/5/27,1.722,1.722,,,1,0.53,开放申购,开放赎回,,,,
2019/5/24,1.713,1.713,,,1,-0.35,开放申购,开放赎回,,,,
2019/5/23,1.719,1.719,,,1,-1.88,开放申购,开放赎回,,,,
2019/5/22,1.752,1.752,,,1,-0.17,开放申购,开放赎回,,,,
2019/5/21,1.755,1.755,,,1,1.33,开放申购,开放赎回,,,,
2019/5/20,1.732,1.732,,,1,-1.2,开放申购,开放赎回,,,,
2019/5/17,1.753,1.753,,,1,-1.9,开放申购,开放赎回,,,,
2019/5/16,1.787,1.787,,,1,0.56,开放申购,开放赎回,,,,
2019/5/15,1.777,1.777,,,1,2.24,开放申购,开放赎回,,,,
2019/5/14,1.738,1.738,,,1,-0.8,开放申购,开放赎回,,,,
2019/5/13,1.752,1.752,,,1,-0.17,开放申购,开放赎回,,,,
2019/5/10,1.755,1.755,,,1,3.05,开放申购,开放赎回,,,,
2019/5/9,1.703,1.703,,,1,-2.46,开放申购,开放赎回,,,,
2019/5/8,1.746,1.746,,,1,-0.91,开放申购,开放赎回,,,,
2019/5/7,1.762,1.762,,,1,2.5,开放申购,开放赎回,,,,
2019/5/6,1.719,1.719,,,1,-4.39,开放申购,开放赎回,,,,
2019/4/30,1.798,1.798,,,1,0.56,开放申购,开放赎回,,,,
2019/4/29,1.788,1.788,,,1,1.59,开放申购,开放赎回,,,,
2019/4/26,1.76,1.76,,,1,-0.9,开放申购,开放赎回,,,,
2019/4/25,1.776,1.776,,,1,-1.11,开放申购,开放赎回,,,,
2019/4/24,1.796,1.796,,,1,0.28,开放申购,开放赎回,,,,
2019/4/23,1.791,1.791,,,1,-0.28,开放申购,开放赎回,,,,
2019/4/22,1.796,1.796,,,1,-1.05,开放申购,开放赎回,,,,
2019/4/19,1.815,1.815,,,1,1.06,开放申购,开放赎回,,,,
2019/4/18,1.796,1.796,,,1,-0.28,开放申购,开放赎回,,,,
2019/4/17,1.801,1.801,,,1,0,开放申购,开放赎回,,,,
2019/4/16,1.801,1.801,,,1,1.64,开放申购,开放赎回,,,,
2019/4/15,1.772,1.772,,,1,-1.17,开放申购,开放赎回,,,,
2019/4/12,1.793,1.793,,,1,-0.72,开放申购,开放赎回,,,,
2019/4/11,1.806,1.806,,,1,-3.27,开放申购,开放赎回,,,,
2019/4/10,1.867,1.867,,,1,1.08,开放申购,开放赎回,,,,
2019/4/9,1.847,1.847,,,1,2.04,开放申购,开放赎回,,,,
2019/4/8,1.81,1.81,,,1,-0.77,开放申购,开放赎回,,,,
2019/4/4,1.824,1.824,,,1,-0.11,开放申购,开放赎回,,,,
2019/4/3,1.826,1.826,,,1,0.11,开放申购,开放赎回,,,,
2019/4/2,1.824,1.824,,,1,-1.19,开放申购,开放赎回,,,,
2019/4/1,1.846,1.846,,,1,1.71,开放申购,开放赎回,,,,
2019/3/29,1.815,1.815,,,1,2.95,开放申购,开放赎回,,,,
2019/3/28,1.763,1.763,,,1,-0.56,开放申购,开放赎回,,,,
2019/3/27,1.773,1.773,,,1,3.2,开放申购,开放赎回,,,,
2019/3/26,1.718,1.718,,,1,-1.32,开放申购,开放赎回,,,,
2019/3/25,1.741,1.741,,,1,-1.86,开放申购,开放赎回,,,,
2019/3/22,1.774,1.774,,,1,0.45,开放申购,开放赎回,,,,
2019/3/21,1.766,1.766,,,1,0.11,开放申购,开放赎回,,,,
2019/3/20,1.764,1.764,,,1,-0.34,开放申购,开放赎回,,,,
2019/3/19,1.77,1.77,,,1,-1.39,开放申购,开放赎回,,,,
2019/3/18,1.795,1.795,,,1,3.46,开放申购,开放赎回,,,,
2019/3/15,1.735,1.735,,,1,1.82,开放申购,开放赎回,,,,
2019/3/14,1.704,1.704,,,1,-0.23,开放申购,开放赎回,,,,
2019/3/13,1.708,1.708,,,1,-0.47,开放申购,开放赎回,,,,
2019/3/12,1.716,1.716,,,1,0.47,开放申购,开放赎回,,,,
2019/3/11,1.708,1.708,,,1,3.96,开放申购,开放赎回,,,,
2019/3/8,1.643,1.643,,,1,-0.84,开放申购,开放赎回,,,,
2019/3/7,1.657,1.657,,,1,-1.31,开放申购,开放赎回,,,,
2019/3/6,1.679,1.679,,,1,-0.18,开放申购,开放赎回,,,,
2019/3/5,1.682,1.682,,,1,0.66,开放申购,开放赎回,,,,
2019/3/4,1.671,1.671,,,1,1.7,开放申购,开放赎回,,,,
2019/3/1,1.643,1.643,,,1,0.43,开放申购,开放赎回,,,,
2019/2/28,1.636,1.636,,,1,2.44,开放申购,开放赎回,,,,
2019/2/27,1.597,1.597,,,1,-0.81,开放申购,开放赎回,,,,
2019/2/26,1.61,1.61,,,1,1.13,开放申购,开放赎回,,,,
2019/2/25,1.592,1.592,,,1,3.44,开放申购,开放赎回,,,,
2019/2/22,1.539,1.539,,,1,1.32,开放申购,开放赎回,,,,
2019/2/21,1.519,1.519,,,1,-0.26,开放申购,开放赎回,,,,
2019/2/20,1.523,1.523,,,1,-1.04,开放申购,开放赎回,,,,
2019/2/19,1.539,1.539,,,1,-1.22,开放申购,开放赎回,,,,
2019/2/18,1.558,1.558,,,1,2.97,开放申购,开放赎回,,,,
2019/2/15,1.513,1.513,,,1,-1.3,开放申购,开放赎回,,,,
2019/2/14,1.533,1.533,,,1,0.59,开放申购,开放赎回,,,,
2019/2/13,1.524,1.524,,,1,1.13,开放申购,开放赎回,,,,
2019/2/12,1.507,1.507,,,1,2.17,开放申购,开放赎回,,,,
2019/2/11,1.475,1.475,,,1,1.94,开放申购,开放赎回,,,,
2019/2/1,1.447,1.447,,,1,3.14,开放申购,开放赎回,,,,
2019/1/31,1.403,1.403,,,1,0.72,开放申购,开放赎回,,,,
2019/1/30,1.393,1.393,,,1,-0.92,开放申购,开放赎回,,,,
2019/1/29,1.406,1.406,,,1,0.43,开放申购,开放赎回,,,,
2019/1/28,1.4,1.4,,,1,-1.2,开放申购,开放赎回,,,,
2019/1/25,1.417,1.417,,,1,0.43,开放申购,开放赎回,,,,
2019/1/24,1.411,1.411,,,1,0.57,开放申购,开放赎回,,,,
2019/1/23,1.403,1.403,,,1,0,开放申购,开放赎回,,,,
2019/1/22,1.403,1.403,,,1,-1.61,开放申购,开放赎回,,,,
2019/1/21,1.426,1.426,,,1,0.71,开放申购,开放赎回,,,,
2019/1/18,1.416,1.416,,,1,2.53,开放申购,开放赎回,,,,
2019/1/17,1.381,1.381,,,1,-0.5,开放申购,开放赎回,,,,
2019/1/16,1.388,1.388,,,1,1.69,开放申购,开放赎回,,,,
2019/1/15,1.365,1.365,,,1,2.86,开放申购,开放赎回,,,,
2019/1/14,1.327,1.327,,,1,-2.14,开放申购,开放赎回,,,,
2019/1/11,1.356,1.356,,,1,-0.22,开放申购,开放赎回,,,,
2019/1/10,1.359,1.359,,,1,-0.44,开放申购,开放赎回,,,,
2019/1/9,1.365,1.365,,,1,0.66,开放申购,开放赎回,,,,
2019/1/8,1.356,1.356,,,1,-0.59,开放申购,开放赎回,,,,
2019/1/7,1.364,1.364,,,1,0.29,开放申购,开放赎回,,,,
2019/1/4,1.36,1.36,,,1,2.72,开放申购,开放赎回,,,,
2019/1/3,1.324,1.324,,,1,-1.12,开放申购,开放赎回,,,,
2019/1/2,1.339,1.339,,,1,-3.74,开放申购,开放赎回,,,,
2018/12/28,1.391,1.391,,,1,0.22,开放申购,开放赎回,,,,
2018/12/27,1.388,1.388,,,1,-0.79,开放申购,开放赎回,,,,
2018/12/26,1.399,1.399,,,1,-0.07,开放申购,开放赎回,,,,
2018/12/25,1.4,1.4,,,1,0.43,开放申购,开放赎回,,,,
2018/12/24,1.394,1.394,,,1,2.58,开放申购,开放赎回,,,,
2018/12/21,1.359,1.359,,,1,-1.38,开放申购,开放赎回,,,,
2018/12/20,1.378,1.378,,,1,-0.65,开放申购,开放赎回,,,,
2018/12/19,1.387,1.387,,,1,-2.8,开放申购,开放赎回,,,,
2018/12/18,1.427,1.427,,,1,-0.35,开放申购,开放赎回,,,,
2018/12/17,1.432,1.432,,,1,-1.78,开放申购,开放赎回,,,,
2018/12/14,1.458,1.458,,,1,-2.99,开放申购,开放赎回,,,,
2018/12/13,1.503,1.503,,,1,1.08,开放申购,开放赎回,,,,
2018/12/12,1.487,1.487,,,1,-0.6,开放申购,开放赎回,,,,
2018/12/11,1.496,1.496,,,1,0.67,开放申购,开放赎回,,,,
2018/12/10,1.486,1.486,,,1,-0.6,开放申购,开放赎回,,,,
2018/12/7,1.495,1.495,,,1,-2.99,开放申购,开放赎回,,,,
2018/12/6,1.541,1.541,,,1,-4.17,开放申购,开放赎回,,,,
2018/12/5,1.608,1.608,,,1,0.75,开放申购,开放赎回,,,,
2018/12/4,1.596,1.596,,,1,0.69,开放申购,开放赎回,,,,
2018/12/3,1.585,1.585,,,1,2.72,开放申购,开放赎回,,,,
2018/11/30,1.543,1.543,,,1,1.25,开放申购,开放赎回,,,,
2018/11/29,1.524,1.524,,,1,-0.97,开放申购,开放赎回,,,,
2018/11/28,1.539,1.539,,,1,0.92,开放申购,开放赎回,,,,
2018/11/27,1.525,1.525,,,1,0.13,开放申购,开放赎回,,,,
2018/11/26,1.523,1.523,,,1,-0.46,开放申购,开放赎回,,,,
2018/11/23,1.53,1.53,,,1,-1.73,开放申购,开放赎回,,,,
2018/11/22,1.557,1.557,,,1,0.45,开放申购,开放赎回,,,,
2018/11/21,1.55,1.55,,,1,1.51,开放申购,开放赎回,,,,
2018/11/20,1.527,1.527,,,1,-1.48,开放申购,开放赎回,,,,
2018/11/19,1.55,1.55,,,1,0,开放申购,开放赎回,,,,
2018/11/16,1.55,1.55,,,1,-0.7,开放申购,开放赎回,,,,
2018/11/15,1.561,1.561,,,1,0.58,开放申购,开放赎回,,,,
2018/11/14,1.552,1.552,,,1,-0.32,开放申购,开放赎回,,,,
2018/11/13,1.557,1.557,,,1,1.3,开放申购,开放赎回,,,,
2018/11/12,1.537,1.537,,,1,1.99,开放申购,开放赎回,,,,
2018/11/9,1.507,1.507,,,1,-0.86,开放申购,开放赎回,,,,
2018/11/8,1.52,1.52,,,1,-0.2,开放申购,开放赎回,,,,
2018/11/7,1.523,1.523,,,1,-0.33,开放申购,开放赎回,,,,
2018/11/6,1.528,1.528,,,1,0.26,开放申购,开放赎回,,,,
2018/11/5,1.524,1.524,,,1,-0.78,开放申购,开放赎回,,,,
2018/11/2,1.536,1.536,,,1,3.85,开放申购,开放赎回,,,,
2018/11/1,1.479,1.479,,,1,0.54,开放申购,开放赎回,,,,
2018/10/31,1.471,1.471,,,1,2.08,开放申购,开放赎回,,,,
2018/10/30,1.441,1.441,,,1,0.77,开放申购,开放赎回,,,,
2018/10/29,1.43,1.43,,,1,-1.65,开放申购,开放赎回,,,,
2018/10/26,1.454,1.454,,,1,-1.02,开放申购,开放赎回,,,,
2018/10/25,1.469,1.469,,,1,-0.27,开放申购,开放赎回,,,,
2018/10/24,1.473,1.473,,,1,-1.47,开放申购,开放赎回,,,,
2018/10/23,1.495,1.495,,,1,-1.06,开放申购,开放赎回,,,,
2018/10/22,1.511,1.511,,,1,4.5,开放申购,开放赎回,,,,
2018/10/19,1.446,1.446,,,1,3.51,开放申购,开放赎回,,,,
2018/10/18,1.397,1.397,,,1,-2.92,开放申购,开放赎回,,,,
2018/10/17,1.439,1.439,,,1,-0.21,开放申购,开放赎回,,,,
2018/10/16,1.442,1.442,,,1,-1.97,开放申购,开放赎回,,,,
2018/10/15,1.471,1.471,,,1,-0.88,开放申购,开放赎回,,,,
2018/10/12,1.484,1.484,,,1,0.07,开放申购,开放赎回,,,,
2018/10/11,1.483,1.483,,,1,-3.51,开放申购,开放赎回,,,,
2018/10/10,1.537,1.537,,,1,-0.9,开放申购,开放赎回,,,,
2018/10/9,1.551,1.551,,,1,-0.26,开放申购,开放赎回,,,,
2018/10/8,1.555,1.555,,,1,-3.24,开放申购,开放赎回,,,,
2018/9/28,1.607,1.607,,,1,0.94,开放申购,开放赎回,,,,
2018/9/27,1.592,1.592,,,1,0.57,开放申购,开放赎回,,,,
2018/9/26,1.583,1.583,,,1,1.09,开放申购,开放赎回,,,,
2018/9/25,1.566,1.566,,,1,-0.13,开放申购,开放赎回,,,,
2018/9/21,1.568,1.568,,,1,2.15,开放申购,开放赎回,,,,
2018/9/20,1.535,1.535,,,1,-0.45,开放申购,开放赎回,,,,
2018/9/19,1.542,1.542,,,1,0.98,开放申购,开放赎回,,,,
2018/9/18,1.527,1.527,,,1,1.53,开放申购,开放赎回,,,,
2018/9/17,1.504,1.504,,,1,-1.57,开放申购,开放赎回,,,,
2018/9/14,1.528,1.528,,,1,-0.39,开放申购,开放赎回,,,,
2018/9/13,1.534,1.534,,,1,-1.67,开放申购,开放赎回,,,,
2018/9/12,1.56,1.56,,,1,-2.32,开放申购,开放赎回,,,,
2018/9/11,1.597,1.597,,,1,0.38,开放申购,开放赎回,,,,
2018/9/10,1.591,1.591,,,1,-1.3,开放申购,开放赎回,,,,
2018/9/7,1.612,1.612,,,1,1.58,开放申购,开放赎回,,,,
2018/9/6,1.587,1.587,,,1,-0.87,开放申购,开放赎回,,,,
2018/9/5,1.601,1.601,,,1,-0.93,开放申购,开放赎回,,,,
2018/9/4,1.616,1.616,,,1,0.37,开放申购,开放赎回,,,,
2018/9/3,1.61,1.61,,,1,0,开放申购,开放赎回,,,,
2018/8/31,1.61,1.61,,,1,-1.59,开放申购,开放赎回,,,,
2018/8/30,1.636,1.636,,,1,-1.39,开放申购,开放赎回,,,,
2018/8/29,1.659,1.659,,,1,-0.36,开放申购,开放赎回,,,,
2018/8/28,1.665,1.665,,,1,-0.18,开放申购,开放赎回,,,,
2018/8/27,1.668,1.668,,,1,3.28,开放申购,开放赎回,,,,
2018/8/24,1.615,1.615,,,1,0.44,开放申购,开放赎回,,,,
2018/8/23,1.608,1.608,,,1,0.5,开放申购,开放赎回,,,,
2018/8/22,1.6,1.6,,,1,-0.44,开放申购,开放赎回,,,,
2018/8/21,1.607,1.607,,,1,3.34,开放申购,开放赎回,,,,
2018/8/20,1.555,1.555,,,1,-1.08,开放申购,开放赎回,,,,
2018/8/17,1.572,1.572,,,1,-3.32,开放申购,开放赎回,,,,
2018/8/16,1.626,1.626,,,1,-0.06,开放申购,开放赎回,,,,
2018/8/15,1.627,1.627,,,1,-2.98,开放申购,开放赎回,,,,
2018/8/14,1.677,1.677,,,1,-0.24,开放申购,开放赎回,,,,
2018/8/13,1.681,1.681,,,1,0.96,开放申购,开放赎回,,,,
2018/8/10,1.665,1.665,,,1,1.9,开放申购,开放赎回,,,,
2018/8/9,1.634,1.634,,,1,3.55,开放申购,开放赎回,,,,
2018/8/8,1.578,1.578,,,1,-2.17,开放申购,开放赎回,,,,
2018/8/7,1.613,1.613,,,1,1.96,开放申购,开放赎回,,,,
2018/8/6,1.582,1.582,,,1,-3.3,开放申购,开放赎回,,,,
2018/8/3,1.636,1.636,,,1,-2.79,开放申购,开放赎回,,,,
2018/8/2,1.683,1.683,,,1,0.06,开放申购,开放赎回,,,,
2018/8/1,1.682,1.682,,,1,-1.46,开放申购,开放赎回,,,,
2018/7/31,1.707,1.707,,,1,0.35,开放申购,开放赎回,,,,
2018/7/30,1.701,1.701,,,1,-3.13,开放申购,开放赎回,,,,
2018/7/27,1.756,1.756,,,1,-0.57,开放申购,开放赎回,,,,
2018/7/26,1.766,1.766,,,1,-1.01,开放申购,开放赎回,,,,
2018/7/25,1.784,1.784,,,1,1.59,开放申购,开放赎回,,,,
2018/7/24,1.756,1.756,,,1,1.15,开放申购,开放赎回,,,,
2018/7/23,1.736,1.736,,,1,-4.56,开放申购,开放赎回,,,,
2018/7/20,1.819,1.819,,,1,0.33,开放申购,开放赎回,,,,
2018/7/19,1.813,1.813,,,1,-1.84,开放申购,开放赎回,,,,
2018/7/18,1.847,1.847,,,1,-0.16,开放申购,开放赎回,,,,
2018/7/17,1.85,1.85,,,1,-1.23,开放申购,开放赎回,,,,
2018/7/16,1.873,1.873,,,1,0.43,开放申购,开放赎回,,,,
2018/7/13,1.865,1.865,,,1,1.52,开放申购,开放赎回,,,,
2018/7/12,1.837,1.837,,,1,2.17,开放申购,开放赎回,,,,
2018/7/11,1.798,1.798,,,1,-0.17,开放申购,开放赎回,,,,
2018/7/10,1.801,1.801,,,1,0.9,开放申购,开放赎回,,,,
2018/7/9,1.785,1.785,,,1,3.84,开放申购,开放赎回,,,,
2018/7/6,1.719,1.719,,,1,-0.17,开放申购,开放赎回,,,,
2018/7/5,1.722,1.722,,,1,-2.21,开放申购,开放赎回,,,,
2018/7/4,1.761,1.761,,,1,-1.57,开放申购,开放赎回,,,,
2018/7/3,1.789,1.789,,,1,-0.89,开放申购,开放赎回,,,,
2018/7/2,1.805,1.805,,,1,-0.28,开放申购,开放赎回,,,,
2018/6/29,1.81,1.81,,,1,3.9,开放申购,开放赎回,,,,
2018/6/28,1.742,1.742,,,1,-1.64,开放申购,开放赎回,,,,
2018/6/27,1.771,1.771,,,1,-2.59,开放申购,开放赎回,,,,
2018/6/26,1.818,1.818,,,1,-0.44,开放申购,开放赎回,,,,
2018/6/25,1.826,1.826,,,1,0.33,开放申购,开放赎回,,,,
2018/6/22,1.82,1.82,,,1,0.78,开放申购,开放赎回,,,,
2018/6/21,1.806,1.806,,,1,-0.06,开放申购,开放赎回,,,,
2018/6/20,1.807,1.807,,,1,2.55,开放申购,开放赎回,,,,
2018/6/19,1.762,1.762,,,1,-2.38,开放申购,开放赎回,,,,
2018/6/15,1.805,1.805,,,1,-1.04,开放申购,开放赎回,,,,
2018/6/14,1.824,1.824,,,1,-0.76,开放申购,开放赎回,,,,
2018/6/13,1.838,1.838,,,1,-1.24,开放申购,开放赎回,,,,
2018/6/12,1.861,1.861,,,1,1.64,开放申购,开放赎回,,,,
2018/6/11,1.831,1.831,,,1,-2.45,开放申购,开放赎回,,,,
2018/6/8,1.877,1.877,,,1,-0.27,开放申购,开放赎回,,,,
2018/6/7,1.882,1.882,,,1,-1.36,开放申购,开放赎回,,,,
2018/6/6,1.908,1.908,,,1,0.69,开放申购,开放赎回,,,,
2018/6/5,1.895,1.895,,,1,2.99,开放申购,开放赎回,,,,
2018/6/4,1.84,1.84,,,1,-0.11,开放申购,开放赎回,,,,
2018/6/1,1.842,1.842,,,1,-3.05,开放申购,开放赎回,,,,
2018/5/31,1.9,1.9,,,1,2.37,开放申购,开放赎回,,,,
2018/5/30,1.856,1.856,,,1,-1.01,开放申购,开放赎回,,,,
2018/5/29,1.875,1.875,,,1,-3.94,开放申购,开放赎回,,,,
2018/5/28,1.952,1.952,,,1,1.04,开放申购,开放赎回,,,,
2018/5/25,1.932,1.932,,,1,0.99,开放申购,开放赎回,,,,
2018/5/24,1.913,1.913,,,1,0.42,开放申购,开放赎回,,,,
2018/5/23,1.905,1.905,,,1,-0.42,开放申购,开放赎回,,,,
2018/5/22,1.913,1.913,,,1,2.3,开放申购,开放赎回,,,,
2018/5/21,1.87,1.87,,,1,0.21,开放申购,开放赎回,,,,
2018/5/18,1.866,1.866,,,1,0.54,开放申购,开放赎回,,,,
2018/5/17,1.856,1.856,,,1,-1.69,开放申购,开放赎回,,,,
2018/5/16,1.888,1.888,,,1,0.75,开放申购,开放赎回,,,,
2018/5/15,1.874,1.874,,,1,1.79,开放申购,开放赎回,,,,
2018/5/14,1.841,1.841,,,1,0.33,开放申购,开放赎回,,,,
2018/5/11,1.835,1.835,,,1,-2.45,开放申购,开放赎回,,,,
2018/5/10,1.881,1.881,,,1,1.84,开放申购,开放赎回,,,,
2018/5/9,1.847,1.847,,,1,0.44,开放申购,开放赎回,,,,
2018/5/8,1.839,1.839,,,1,-0.7,开放申购,开放赎回,,,,
2018/5/7,1.852,1.852,,,1,2.09,开放申购,开放赎回,,,,
2018/5/4,1.814,1.814,,,1,1.51,开放申购,开放赎回,,,,
2018/5/3,1.787,1.787,,,1,-0.28,开放申购,开放赎回,,,,
2018/5/2,1.792,1.792,,,1,0.73,开放申购,开放赎回,,,,
2018/4/27,1.779,1.779,,,1,1.77,开放申购,开放赎回,,,,
2018/4/26,1.748,1.748,,,1,-1.41,开放申购,开放赎回,,,,
2018/4/25,1.773,1.773,,,1,2.25,开放申购,开放赎回,,,,
2018/4/24,1.734,1.734,,,1,2.42,开放申购,开放赎回,,,,
2018/4/23,1.693,1.693,,,1,-1.23,开放申购,开放赎回,,,,
2018/4/20,1.714,1.714,,,1,-0.92,开放申购,开放赎回,,,,
2018/4/19,1.73,1.73,,,1,0.7,开放申购,开放赎回,,,,
2018/4/18,1.718,1.718,,,1,0.7,开放申购,开放赎回,,,,
2018/4/17,1.706,1.706,,,1,-2.4,开放申购,开放赎回,,,,
2018/4/16,1.748,1.748,,,1,0.69,开放申购,开放赎回,,,,
2018/4/13,1.736,1.736,,,1,-2.42,开放申购,开放赎回,,,,
2018/4/12,1.779,1.779,,,1,0.57,开放申购,开放赎回,,,,
2018/4/11,1.769,1.769,,,1,-0.28,开放申购,开放赎回,,,,
2018/4/10,1.774,1.774,,,1,1.08,开放申购,开放赎回,,,,
2018/4/9,1.755,1.755,,,1,0.57,开放申购,开放赎回,,,,
2018/4/4,1.745,1.745,,,1,-0.23,开放申购,开放赎回,,,,
2018/4/3,1.749,1.749,,,1,0.17,开放申购,开放赎回,,,,
2018/4/2,1.746,1.746,,,1,-0.85,开放申购,开放赎回,,,,
2018/3/30,1.761,1.761,,,1,3.04,开放申购,开放赎回,,,,
2018/3/29,1.709,1.709,,,1,-1.04,开放申购,开放赎回,,,,
2018/3/28,1.727,1.727,,,1,-1.26,开放申购,开放赎回,,,,
2018/3/27,1.749,1.749,,,1,1.1,开放申购,开放赎回,,,,
2018/3/26,1.73,1.73,,,1,2.91,开放申购,开放赎回,,,,
2018/3/23,1.681,1.681,,,1,-2.15,开放申购,开放赎回,,,,
2018/3/22,1.718,1.718,,,1,-1.15,开放申购,开放赎回,,,,
2018/3/21,1.738,1.738,,,1,-1.19,开放申购,开放赎回,,,,
2018/3/20,1.759,1.759,,,1,2.27,开放申购,开放赎回,,,,
2018/3/19,1.72,1.72,,,1,2.56,开放申购,开放赎回,,,,
2018/3/16,1.677,1.677,,,1,-0.36,开放申购,开放赎回,,,,
2018/3/15,1.683,1.683,,,1,0.24,开放申购,开放赎回,,,,
2018/3/14,1.679,1.679,,,1,-0.53,开放申购,开放赎回,,,,
2018/3/13,1.688,1.688,,,1,-1.52,开放申购,开放赎回,,,,
2018/3/12,1.714,1.714,,,1,1.18,开放申购,开放赎回,,,,
2018/3/9,1.694,1.694,,,1,0.59,开放申购,开放赎回,,,,
2018/3/8,1.684,1.684,,,1,2.75,开放申购,开放赎回,,,,
2018/3/7,1.639,1.639,,,1,-0.55,开放申购,开放赎回,,,,
2018/3/6,1.648,1.648,,,1,2.42,开放申购,开放赎回,,,,
2018/3/5,1.609,1.609,,,1,0.69,开放申购,开放赎回,,,,
2018/3/2,1.598,1.598,,,1,-0.62,开放申购,开放赎回,,,,
2018/3/1,1.608,1.608,,,1,1.2,开放申购,开放赎回,,,,
2018/2/28,1.589,1.589,,,1,-0.5,开放申购,开放赎回,,,,
2018/2/27,1.597,1.597,,,1,-0.37,开放申购,开放赎回,,,,
2018/2/26,1.603,1.603,,,1,1.39,开放申购,开放赎回,,,,
2018/2/23,1.581,1.581,,,1,0.19,开放申购,开放赎回,,,,
2018/2/22,1.578,1.578,,,1,1.61,开放申购,开放赎回,,,,
2018/2/14,1.553,1.553,,,1,0.39,开放申购,开放赎回,,,,
2018/2/13,1.547,1.547,,,1,0.85,开放申购,开放赎回,,,,
2018/2/12,1.534,1.534,,,1,3.02,开放申购,开放赎回,,,,
2018/2/9,1.489,1.489,,,1,-2.68,开放申购,开放赎回,,,,
2018/2/8,1.53,1.53,,,1,1.46,开放申购,开放赎回,,,,
2018/2/7,1.508,1.508,,,1,-0.92,开放申购,开放赎回,,,,
2018/2/6,1.522,1.522,,,1,-3.43,开放申购,开放赎回,,,,
2018/2/5,1.576,1.576,,,1,-1.19,开放申购,开放赎回,,,,
2018/2/2,1.595,1.595,,,1,0.13,开放申购,开放赎回,,,,
2018/2/1,1.593,1.593,,,1,-1.67,开放申购,开放赎回,,,,
2018/1/31,1.62,1.62,,,1,0.06,开放申购,开放赎回,,,,
2018/1/30,1.619,1.619,,,1,0.12,开放申购,开放赎回,,,,
2018/1/29,1.617,1.617,,,1,-2.12,开放申购,开放赎回,,,,
2018/1/26,1.652,1.652,,,1,0,开放申购,开放赎回,,,,
2018/1/25,1.652,1.652,,,1,-1.08,开放申购,开放赎回,,,,
2018/1/24,1.67,1.67,,,1,0.18,开放申购,开放赎回,,,,
2018/1/23,1.667,1.667,,,1,-0.3,开放申购,开放赎回,,,,
2018/1/22,1.672,1.672,,,1,1.64,开放申购,开放赎回,,,,
2018/1/19,1.645,1.645,,,1,-0.66,开放申购,开放赎回,,,,
2018/1/18,1.656,1.656,,,1,-0.3,开放申购,开放赎回,,,,
2018/1/17,1.661,1.661,,,1,-0.48,开放申购,开放赎回,,,,
2018/1/16,1.669,1.669,,,1,1.21,开放申购,开放赎回,,,,
2018/1/15,1.649,1.649,,,1,-1.32,开放申购,开放赎回,,,,
2018/1/12,1.671,1.671,,,1,0.42,开放申购,开放赎回,,,,
2018/1/11,1.664,1.664,,,1,0.12,开放申购,开放赎回,,,,
2018/1/10,1.662,1.662,,,1,-0.89,开放申购,开放赎回,,,,
2018/1/9,1.677,1.677,,,1,1.7,开放申购,开放赎回,,,,
2018/1/8,1.649,1.649,,,1,0.43,开放申购,开放赎回,,,,
2018/1/5,1.642,1.642,,,1,-0.48,开放申购,开放赎回,,,,
2018/1/4,1.65,1.65,,,1,0.67,开放申购,开放赎回,,,,
2018/1/3,1.639,1.639,,,1,0.68,开放申购,开放赎回,,,,
2018/1/2,1.628,1.628,,,1,0.18,开放申购,开放赎回,,,,
2017/12/29,1.625,1.625,,,1,0.81,开放申购,开放赎回,,,,
2017/12/28,1.612,1.612,,,1,0.44,开放申购,开放赎回,,,,
2017/12/27,1.605,1.605,,,1,-1.65,开放申购,开放赎回,,,,
2017/12/26,1.632,1.632,,,1,-0.43,开放申购,开放赎回,,,,
2017/12/25,1.639,1.639,,,1,0.06,开放申购,开放赎回,,,,
2017/12/22,1.638,1.638,,,1,0.18,开放申购,开放赎回,,,,
2017/12/21,1.635,1.635,,,1,1.62,开放申购,开放赎回,,,,
2017/12/20,1.609,1.609,,,1,0.06,开放申购,开放赎回,,,,
2017/12/19,1.608,1.608,,,1,1.2,开放申购,开放赎回,,,,
2017/12/18,1.589,1.589,,,1,-0.44,开放申购,开放赎回,,,,
2017/12/15,1.596,1.596,,,1,-1.54,开放申购,开放赎回,,,,
2017/12/14,1.621,1.621,,,1,0.37,开放申购,开放赎回,,,,
2017/12/13,1.615,1.615,,,1,0.69,开放申购,开放赎回,,,,
2017/12/12,1.604,1.604,,,1,-0.68,开放申购,开放赎回,,,,
2017/12/11,1.615,1.615,,,1,3,开放申购,开放赎回,,,,
2017/12/8,1.568,1.568,,,1,1.16,开放申购,开放赎回,,,,
2017/12/7,1.55,1.55,,,1,-0.06,开放申购,开放赎回,,,,
2017/12/6,1.551,1.551,,,1,0.39,开放申购,开放赎回,,,,
2017/12/5,1.545,1.545,,,1,-1.21,开放申购,开放赎回,,,,
2017/12/4,1.564,1.564,,,1,0.77,开放申购,开放赎回,,,,
2017/12/1,1.552,1.552,,,1,0.71,开放申购,开放赎回,,,,
2017/11/30,1.541,1.541,,,1,-0.52,开放申购,开放赎回,,,,
2017/11/29,1.549,1.549,,,1,-1.09,开放申购,开放赎回,,,,
2017/11/28,1.566,1.566,,,1,1.1,开放申购,开放赎回,,,,
2017/11/27,1.549,1.549,,,1,-1.27,开放申购,开放赎回,,,,
2017/11/24,1.569,1.569,,,1,0.06,开放申购,开放赎回,,,,
2017/11/23,1.568,1.568,,,1,-3.69,开放申购,开放赎回,,,,
2017/11/22,1.628,1.628,,,1,-0.97,开放申购,开放赎回,,,,
2017/11/21,1.644,1.644,,,1,0,开放申购,开放赎回,,,,
2017/11/20,1.644,1.644,,,1,1.54,开放申购,开放赎回,,,,
2017/11/17,1.619,1.619,,,1,-1.88,开放申购,开放赎回,,,,
2017/11/16,1.65,1.65,,,1,1.79,开放申购,开放赎回,,,,
2017/11/15,1.621,1.621,,,1,0.12,开放申购,开放赎回,,,,
2017/11/14,1.619,1.619,,,1,-1.94,开放申购,开放赎回,,,,
2017/11/13,1.651,1.651,,,1,-0.06,开放申购,开放赎回,,,,
2017/11/10,1.652,1.652,,,1,0.67,开放申购,开放赎回,,,,
2017/11/9,1.641,1.641,,,1,0.55,开放申购,开放赎回,,,,
2017/11/8,1.632,1.632,,,1,-1.21,开放申购,开放赎回,,,,
2017/11/7,1.652,1.652,,,1,-0.12,开放申购,开放赎回,,,,
2017/11/6,1.654,1.654,,,1,3.57,开放申购,开放赎回,,,,
2017/11/3,1.597,1.597,,,1,0.25,开放申购,开放赎回,,,,
2017/11/2,1.593,1.593,,,1,0.19,开放申购,开放赎回,,,,
2017/11/1,1.59,1.59,,,1,-0.25,开放申购,开放赎回,,,,
2017/10/31,1.594,1.594,,,1,-0.13,开放申购,开放赎回,,,,
2017/10/30,1.596,1.596,,,1,-0.81,开放申购,开放赎回,,,,
2017/10/27,1.609,1.609,,,1,0.37,开放申购,开放赎回,,,,
2017/10/26,1.603,1.603,,,1,-1.11,开放申购,开放赎回,,,,
2017/10/25,1.621,1.621,,,1,1.44,开放申购,开放赎回,,,,
2017/10/24,1.598,1.598,,,1,0.31,开放申购,开放赎回,,,,
2017/10/23,1.593,1.593,,,1,1.85,开放申购,开放赎回,,,,
2017/10/20,1.564,1.564,,,1,-0.19,开放申购,开放赎回,,,,
2017/10/19,1.567,1.567,,,1,0.71,开放申购,开放赎回,,,,
2017/10/18,1.556,1.556,,,1,1.17,开放申购,开放赎回,,,,
2017/10/17,1.538,1.538,,,1,0.33,开放申购,开放赎回,,,,
2017/10/16,1.533,1.533,,,1,-0.39,开放申购,开放赎回,,,,
2017/10/13,1.539,1.539,,,1,0.07,开放申购,开放赎回,,,,
2017/10/12,1.538,1.538,,,1,0.46,开放申购,开放赎回,,,,
2017/10/11,1.531,1.531,,,1,0.66,开放申购,开放赎回,,,,
2017/10/10,1.521,1.521,,,1,1.4,开放申购,开放赎回,,,,
2017/10/9,1.5,1.5,,,1,1.49,开放申购,开放赎回,,,,
2017/9/29,1.478,1.478,,,1,0.2,开放申购,开放赎回,,,,
2017/9/28,1.475,1.475,,,1,0.82,开放申购,开放赎回,,,,
2017/9/27,1.463,1.463,,,1,0,开放申购,开放赎回,,,,
2017/9/26,1.463,1.463,,,1,-0.34,开放申购,开放赎回,,,,
2017/9/25,1.468,1.468,,,1,1.1,开放申购,开放赎回,,,,
2017/9/22,1.452,1.452,,,1,0,开放申购,开放赎回,,,,
2017/9/21,1.452,1.452,,,1,-0.14,开放申购,开放赎回,,,,
2017/9/20,1.454,1.454,,,1,0.21,开放申购,开放赎回,,,,
2017/9/19,1.451,1.451,,,1,0,开放申购,开放赎回,,,,
2017/9/18,1.451,1.451,,,1,0.76,开放申购,开放赎回,,,,
2017/9/15,1.44,1.44,,,1,0.35,开放申购,开放赎回,,,,
2017/9/14,1.435,1.435,,,1,0.21,开放申购,开放赎回,,,,
2017/9/13,1.432,1.432,,,1,0.42,开放申购,开放赎回,,,,
2017/9/12,1.426,1.426,,,1,-0.28,开放申购,开放赎回,,,,
2017/9/11,1.43,1.43,,,1,-0.76,开放申购,开放赎回,,,,
2017/9/8,1.441,1.441,,,1,0.42,开放申购,开放赎回,,,,
2017/9/7,1.435,1.435,,,1,0.21,开放申购,开放赎回,,,,
2017/9/6,1.432,1.432,,,1,-0.14,开放申购,开放赎回,,,,
2017/9/5,1.434,1.434,,,1,0.35,开放申购,开放赎回,,,,
2017/9/4,1.429,1.429,,,1,0.49,开放申购,开放赎回,,,,
2017/9/1,1.422,1.422,,,1,0.42,开放申购,开放赎回,,,,
2017/8/31,1.416,1.416,,,1,-0.49,开放申购,开放赎回,,,,
2017/8/30,1.423,1.423,,,1,-0.21,开放申购,开放赎回,,,,
2017/8/29,1.426,1.426,,,1,-0.77,开放申购,开放赎回,,,,
2017/8/28,1.437,1.437,,,1,0.28,开放申购,开放赎回,,,,
2017/8/25,1.433,1.433,,,1,0.56,开放申购,开放赎回,,,,
2017/8/24,1.425,1.425,,,1,-0.77,开放申购,开放赎回,,,,
2017/8/23,1.436,1.436,,,1,-0.62,开放申购,开放赎回,,,,
2017/8/22,1.445,1.445,,,1,-0.07,开放申购,开放赎回,,,,
2017/8/21,1.446,1.446,,,1,0.7,开放申购,开放赎回,,,,
2017/8/18,1.436,1.436,,,1,0.91,开放申购,开放赎回,,,,
2017/8/17,1.423,1.423,,,1,0.14,开放申购,开放赎回,,,,
2017/8/16,1.421,1.421,,,1,-0.7,开放申购,开放赎回,,,,
2017/8/15,1.431,1.431,,,1,0.14,开放申购,开放赎回,,,,
2017/8/14,1.429,1.429,,,1,1.35,开放申购,开放赎回,,,,
2017/8/11,1.41,1.41,,,1,-0.42,开放申购,开放赎回,,,,
2017/8/10,1.416,1.416,,,1,0.5,开放申购,开放赎回,,,,
2017/8/9,1.409,1.409,,,1,1.59,开放申购,开放赎回,,,,
2017/8/8,1.387,1.387,,,1,0.22,开放申购,开放赎回,,,,
2017/8/7,1.384,1.384,,,1,1.17,开放申购,开放赎回,,,,
2017/8/4,1.368,1.368,,,1,-0.22,开放申购,开放赎回,,,,
2017/8/3,1.371,1.371,,,1,-0.58,开放申购,开放赎回,,,,
2017/8/2,1.379,1.379,,,1,-0.86,开放申购,开放赎回,,,,
2017/8/1,1.391,1.391,,,1,0.36,开放申购,开放赎回,,,,
2017/7/31,1.386,1.386,,,1,0.95,开放申购,开放赎回,,,,
2017/7/28,1.373,1.373,,,1,0.96,开放申购,开放赎回,,,,
2017/7/27,1.36,1.36,,,1,0.15,开放申购,开放赎回,,,,
2017/7/26,1.358,1.358,,,1,-0.95,开放申购,开放赎回,,,,
2017/7/25,1.371,1.371,,,1,0,开放申购,开放赎回,,,,
2017/7/24,1.371,1.371,,,1,0.07,开放申购,开放赎回,,,,
2017/7/21,1.37,1.37,,,1,0.15,开放申购,开放赎回,,,,
2017/7/20,1.368,1.368,,,1,0.29,开放申购,开放赎回,,,,
2017/7/19,1.364,1.364,,,1,1.49,开放申购,开放赎回,,,,
2017/7/18,1.344,1.344,,,1,-0.22,开放申购,开放赎回,,,,
2017/7/17,1.347,1.347,,,1,-2.32,开放申购,开放赎回,,,,
2017/7/14,1.379,1.379,,,1,-0.07,开放申购,开放赎回,,,,
2017/7/13,1.38,1.38,,,1,0.58,开放申购,开放赎回,,,,
2017/7/12,1.372,1.372,,,1,-0.65,开放申购,开放赎回,,,,
2017/7/11,1.381,1.381,,,1,-0.07,开放申购,开放赎回,,,,
2017/7/10,1.382,1.382,,,1,-1.07,开放申购,开放赎回,,,,
2017/7/7,1.397,1.397,,,1,-0.71,开放申购,开放赎回,,,,
2017/7/6,1.407,1.407,,,1,-0.78,开放申购,开放赎回,,,,
2017/7/5,1.418,1.418,,,1,0.64,开放申购,开放赎回,,,,
2017/7/4,1.409,1.409,,,1,-1.19,开放申购,开放赎回,,,,
2017/7/3,1.426,1.426,,,1,-0.56,开放申购,开放赎回,,,,
2017/6/30,1.434,1.434,,,1,0.56,开放申购,开放赎回,,,,
2017/6/29,1.426,1.426,,,1,0.85,开放申购,开放赎回,,,,
2017/6/28,1.414,1.414,,,1,-1.12,开放申购,开放赎回,,,,
2017/6/27,1.43,1.43,,,1,0.42,开放申购,开放赎回,,,,
2017/6/26,1.424,1.424,,,1,1.57,开放申购,开放赎回,,,,
2017/6/23,1.402,1.402,,,1,0.79,开放申购,开放赎回,,,,
2017/6/22,1.391,1.391,,,1,-1.42,开放申购,开放赎回,,,,
2017/6/21,1.411,1.411,,,1,1.29,开放申购,开放赎回,,,,
2017/6/20,1.393,1.393,,,1,-0.71,开放申购,开放赎回,,,,
2017/6/19,1.403,1.403,,,1,0.86,开放申购,开放赎回,,,,
2017/6/16,1.391,1.391,,,1,-0.22,开放申购,开放赎回,,,,
2017/6/15,1.394,1.394,,,1,0.22,开放申购,开放赎回,,,,
2017/6/14,1.391,1.391,,,1,-1.14,开放申购,开放赎回,,,,
2017/6/13,1.407,1.407,,,1,0.36,开放申购,开放赎回,,,,
2017/6/12,1.402,1.402,,,1,0.72,开放申购,开放赎回,,,,
2017/6/9,1.392,1.392,,,1,0.29,开放申购,开放赎回,,,,
2017/6/8,1.388,1.388,,,1,0.8,开放申购,开放赎回,,,,
2017/6/7,1.377,1.377,,,1,1.55,开放申购,开放赎回,,,,
2017/6/6,1.356,1.356,,,1,0.67,开放申购,开放赎回,,,,
2017/6/5,1.347,1.347,,,1,-0.37,开放申购,开放赎回,,,,
2017/6/2,1.352,1.352,,,1,-0.59,开放申购,开放赎回,,,,
2017/6/1,1.36,1.36,,,1,0.15,开放申购,开放赎回,,,,
2017/5/31,1.358,1.358,,,1,0.44,开放申购,开放赎回,,,,
2017/5/26,1.352,1.352,,,1,-0.44,开放申购,开放赎回,,,,
2017/5/25,1.358,1.358,,,1,-0.07,开放申购,开放赎回,,,,
2017/5/24,1.359,1.359,,,1,0.3,开放申购,开放赎回,,,,
2017/5/23,1.355,1.355,,,1,-0.44,开放申购,开放赎回,,,,
2017/5/22,1.361,1.361,,,1,-0.15,开放申购,开放赎回,,,,
2017/5/19,1.363,1.363,,,1,-0.07,开放申购,开放赎回,,,,
2017/5/18,1.364,1.364,,,1,0.07,开放申购,开放赎回,,,,
2017/5/17,1.363,1.363,,,1,-0.73,开放申购,开放赎回,,,,
2017/5/16,1.373,1.373,,,1,1.4,开放申购,开放赎回,,,,
2017/5/15,1.354,1.354,,,1,1.58,开放申购,开放赎回,,,,
2017/5/12,1.333,1.333,,,1,0.53,开放申购,开放赎回,,,,
2017/5/11,1.326,1.326,,,1,0.45,开放申购,开放赎回,,,,
2017/5/10,1.32,1.32,,,1,-0.75,开放申购,开放赎回,,,,
2017/5/9,1.33,1.33,,,1,-0.37,开放申购,开放赎回,,,,
2017/5/8,1.335,1.335,,,1,-0.52,开放申购,开放赎回,,,,
2017/5/5,1.342,1.342,,,1,-0.37,开放申购,开放赎回,,,,
2017/5/4,1.347,1.347,,,1,-0.37,开放申购,开放赎回,,,,
2017/5/3,1.352,1.352,,,1,-0.15,开放申购,开放赎回,,,,
2017/5/2,1.354,1.354,,,1,-0.07,开放申购,开放赎回,,,,
2017/4/28,1.355,1.355,,,1,-0.51,开放申购,开放赎回,,,,
2017/4/27,1.362,1.362,,,1,0.81,开放申购,开放赎回,,,,
2017/4/26,1.351,1.351,,,1,-0.3,开放申购,开放赎回,,,,
2017/4/25,1.355,1.355,,,1,0.3,开放申购,开放赎回,,,,
2017/4/24,1.351,1.351,,,1,-1.03,开放申购,开放赎回,,,,
2017/4/21,1.365,1.365,,,1,-0.29,开放申购,开放赎回,,,,
2017/4/20,1.369,1.369,,,1,1.71,开放申购,开放赎回,,,,
2017/4/19,1.346,1.346,,,1,0.22,开放申购,开放赎回,,,,
2017/4/18,1.343,1.343,,,1,0.75,开放申购,开放赎回,,,,
2017/4/17,1.333,1.333,,,1,-0.08,开放申购,开放赎回,,,,
2017/4/14,1.334,1.334,,,1,-0.89,开放申购,开放赎回,,,,
2017/4/13,1.346,1.346,,,1,0.82,开放申购,开放赎回,,,,
2017/4/12,1.335,1.335,,,1,-0.15,开放申购,开放赎回,,,,
2017/4/11,1.337,1.337,,,1,-0.45,开放申购,开放赎回,,,,
2017/4/10,1.343,1.343,,,1,-0.96,开放申购,开放赎回,,,,
2017/4/7,1.356,1.356,,,1,-0.22,开放申购,开放赎回,,,,
2017/4/6,1.359,1.359,,,1,0.22,开放申购,开放赎回,,,,
2017/4/5,1.356,1.356,,,1,0.59,开放申购,开放赎回,,,,
2017/3/31,1.348,1.348,,,1,0.6,开放申购,开放赎回,,,,
2017/3/30,1.34,1.34,,,1,-0.67,开放申购,开放赎回,,,,
2017/3/29,1.349,1.349,,,1,-0.52,开放申购,开放赎回,,,,
2017/3/28,1.356,1.356,,,1,-0.15,开放申购,开放赎回,,,,
2017/3/27,1.358,1.358,,,1,-0.8,开放申购,开放赎回,,,,
2017/3/24,1.369,1.369,,,1,0.15,开放申购,开放赎回,,,,
2017/3/23,1.367,1.367,,,1,0,开放申购,开放赎回,,,,
2017/3/22,1.367,1.367,,,1,1.03,开放申购,开放赎回,,,,
2017/3/21,1.353,1.353,,,1,1.27,开放申购,开放赎回,,,,
2017/3/20,1.336,1.336,,,1,0.83,开放申购,开放赎回,,,,
2017/3/17,1.325,1.325,,,1,-0.38,开放申购,开放赎回,,,,
2017/3/16,1.33,1.33,,,1,0.23,开放申购,开放赎回,,,,
2017/3/15,1.327,1.327,,,1,0.61,开放申购,开放赎回,,,,
2017/3/14,1.319,1.319,,,1,0.15,开放申购,开放赎回,,,,
2017/3/13,1.317,1.317,,,1,0.53,开放申购,开放赎回,,,,
2017/3/10,1.31,1.31,,,1,-0.15,开放申购,开放赎回,,,,
2017/3/9,1.312,1.312,,,1,-0.76,开放申购,开放赎回,,,,
2017/3/8,1.322,1.322,,,1,-0.3,开放申购,开放赎回,,,,
2017/3/7,1.326,1.326,,,1,0.53,开放申购,开放赎回,,,,
2017/3/6,1.319,1.319,,,1,0.38,开放申购,开放赎回,,,,
2017/3/3,1.314,1.314,,,1,0.31,开放申购,开放赎回,,,,
2017/3/2,1.31,1.31,,,1,-0.76,开放申购,开放赎回,,,,
2017/3/1,1.32,1.32,,,1,0.15,开放申购,开放赎回,,,,
2017/2/28,1.318,1.318,,,1,-0.3,开放申购,开放赎回,,,,
2017/2/27,1.322,1.322,,,1,-0.9,开放申购,开放赎回,,,,
2017/2/24,1.334,1.334,,,1,-0.37,开放申购,开放赎回,,,,
2017/2/23,1.339,1.339,,,1,2.45,开放申购,开放赎回,,,,
2017/2/22,1.307,1.307,,,1,0,开放申购,开放赎回,,,,
2017/2/21,1.307,1.307,,,1,0.69,开放申购,开放赎回,,,,
2017/2/20,1.298,1.298,,,1,0.85,开放申购,开放赎回,,,,
2017/2/17,1.287,1.287,,,1,-0.54,开放申购,开放赎回,,,,
2017/2/16,1.294,1.294,,,1,0.23,开放申购,开放赎回,,,,
2017/2/15,1.291,1.291,,,1,-1,开放申购,开放赎回,,,,
2017/2/14,1.304,1.304,,,1,0,开放申购,开放赎回,,,,
2017/2/13,1.304,1.304,,,1,0.77,开放申购,开放赎回,,,,
2017/2/10,1.294,1.294,,,1,-0.31,开放申购,开放赎回,,,,
2017/2/9,1.298,1.298,,,1,0.23,开放申购,开放赎回,,,,
2017/2/8,1.295,1.295,,,1,0.39,开放申购,开放赎回,,,,
2017/2/7,1.29,1.29,,,1,-0.08,开放申购,开放赎回,,,,
2017/2/6,1.291,1.291,,,1,0.62,开放申购,开放赎回,,,,
2017/2/3,1.283,1.283,,,1,0,开放申购,开放赎回,,,,
2017/1/26,1.283,1.283,,,1,0.71,开放申购,开放赎回,,,,
2017/1/25,1.274,1.274,,,1,0.71,开放申购,开放赎回,,,,
2017/1/24,1.265,1.265,,,1,-0.16,开放申购,开放赎回,,,,
2017/1/23,1.267,1.267,,,1,0.32,开放申购,开放赎回,,,,
2017/1/20,1.263,1.263,,,1,0.96,开放申购,开放赎回,,,,
2017/1/19,1.251,1.251,,,1,0.08,开放申购,开放赎回,,,,
2017/1/18,1.25,1.25,,,1,0.16,开放申购,开放赎回,,,,
2017/1/17,1.248,1.248,,,1,0.32,开放申购,开放赎回,,,,
2017/1/16,1.244,1.244,,,1,-0.8,开放申购,开放赎回,,,,
2017/1/13,1.254,1.254,,,1,-0.87,开放申购,开放赎回,,,,
2017/1/12,1.265,1.265,,,1,-1.4,开放申购,开放赎回,,,,
2017/1/11,1.283,1.283,,,1,-0.85,开放申购,开放赎回,,,,
2017/1/10,1.294,1.294,,,1,-0.15,开放申购,开放赎回,,,,
2017/1/9,1.296,1.296,,,1,1.01,开放申购,开放赎回,,,,
2017/1/6,1.283,1.283,,,1,-0.7,开放申购,开放赎回,,,,
2017/1/5,1.292,1.292,,,1,-0.15,开放申购,开放赎回,,,,
2017/1/4,1.294,1.294,,,1,0.54,开放申购,开放赎回,,,,
2017/1/3,1.287,1.287,,,1,0.94,开放申购,开放赎回,,,,
2016/12/30,1.275,1.275,,,1,0.47,开放申购,开放赎回,,,,
2016/12/29,1.269,1.269,,,1,-0.63,开放申购,开放赎回,,,,
2016/12/28,1.277,1.277,,,1,0,开放申购,开放赎回,,,,
2016/12/27,1.277,1.277,,,1,0,开放申购,开放赎回,,,,
2016/12/26,1.277,1.277,,,1,0.16,开放申购,开放赎回,,,,
2016/12/23,1.275,1.275,,,1,-0.78,开放申购,开放赎回,,,,
2016/12/22,1.285,1.285,,,1,-0.23,开放申购,开放赎回,,,,
2016/12/21,1.288,1.288,,,1,0.7,开放申购,开放赎回,,,,
2016/12/20,1.279,1.279,,,1,-0.39,开放申购,开放赎回,,,,
2016/12/19,1.284,1.284,,,1,0,开放申购,开放赎回,,,,
2016/12/16,1.284,1.284,,,1,0.94,开放申购,开放赎回,,,,
2016/12/15,1.272,1.272,,,1,-0.47,开放申购,开放赎回,,,,
2016/12/14,1.278,1.278,,,1,-0.85,开放申购,开放赎回,,,,
2016/12/13,1.289,1.289,,,1,0.23,开放申购,开放赎回,,,,
2016/12/12,1.286,1.286,,,1,-3.45,开放申购,开放赎回,,,,
2016/12/9,1.332,1.332,,,1,-0.22,开放申购,开放赎回,,,,
2016/12/8,1.335,1.335,,,1,-0.52,开放申购,开放赎回,,,,
2016/12/7,1.342,1.342,,,1,0.6,开放申购,开放赎回,,,,
2016/12/6,1.334,1.334,,,1,0.38,开放申购,开放赎回,,,,
2016/12/5,1.329,1.329,,,1,0.53,开放申购,开放赎回,,,,
2016/12/2,1.322,1.322,,,1,-0.9,开放申购,开放赎回,,,,
2016/12/1,1.334,1.334,,,1,0.23,开放申购,开放赎回,,,,
2016/11/30,1.331,1.331,,,1,0.08,开放申购,开放赎回,,,,
2016/11/29,1.33,1.33,,,1,-0.67,开放申购,开放赎回,,,,
2016/11/28,1.339,1.339,,,1,0.07,开放申购,开放赎回,,,,
2016/11/25,1.338,1.338,,,1,0.3,开放申购,开放赎回,,,,
2016/11/24,1.334,1.334,,,1,-0.22,开放申购,开放赎回,,,,
2016/11/23,1.337,1.337,,,1,-0.52,开放申购,开放赎回,,,,
2016/11/22,1.344,1.344,,,1,0.37,开放申购,开放赎回,,,,
2016/11/21,1.339,1.339,,,1,0.15,开放申购,开放赎回,,,,
2016/11/18,1.337,1.337,,,1,-0.37,开放申购,开放赎回,,,,
2016/11/17,1.342,1.342,,,1,-0.07,开放申购,开放赎回,,,,
2016/11/16,1.343,1.343,,,1,0.22,开放申购,开放赎回,,,,
2016/11/15,1.34,1.34,,,1,0.68,开放申购,开放赎回,,,,
2016/11/14,1.331,1.331,,,1,0.23,开放申购,开放赎回,,,,
2016/11/11,1.328,1.328,,,1,-0.38,开放申购,开放赎回,,,,
2016/11/10,1.333,1.333,,,1,0.83,开放申购,开放赎回,,,,
2016/11/9,1.322,1.322,,,1,-0.53,开放申购,开放赎回,,,,
2016/11/8,1.329,1.329,,,1,0.45,开放申购,开放赎回,,,,
2016/11/7,1.323,1.323,,,1,-0.75,开放申购,开放赎回,,,,
2016/11/4,1.333,1.333,,,1,-0.45,开放申购,开放赎回,,,,
2016/11/3,1.339,1.339,,,1,0.3,开放申购,开放赎回,,,,
2016/11/2,1.335,1.335,,,1,0,开放申购,开放赎回,,,,
2016/11/1,1.335,1.335,,,1,0.68,开放申购,开放赎回,,,,
2016/10/31,1.326,1.326,,,1,0.08,开放申购,开放赎回,,,,
2016/10/28,1.325,1.325,,,1,-0.53,开放申购,开放赎回,,,,
2016/10/27,1.332,1.332,,,1,-0.15,开放申购,开放赎回,,,,
2016/10/26,1.334,1.334,,,1,-0.07,开放申购,开放赎回,,,,
2016/10/25,1.335,1.335,,,1,0,开放申购,开放赎回,,,,
2016/10/24,1.335,1.335,,,1,0.53,开放申购,开放赎回,,,,
2016/10/21,1.328,1.328,,,1,-0.38,开放申购,开放赎回,,,,
2016/10/20,1.333,1.333,,,1,-0.37,开放申购,开放赎回,,,,
2016/10/19,1.338,1.338,,,1,-0.07,开放申购,开放赎回,,,,
2016/10/18,1.339,1.339,,,1,0.98,开放申购,开放赎回,,,,
2016/10/17,1.326,1.326,,,1,-0.08,开放申购,开放赎回,,,,
2016/10/14,1.327,1.327,,,1,0.08,开放申购,开放赎回,,,,
2016/10/13,1.326,1.326,,,1,-0.23,开放申购,开放赎回,,,,
2016/10/12,1.329,1.329,,,1,-0.15,开放申购,开放赎回,,,,
2016/10/11,1.331,1.331,,,1,0.38,开放申购,开放赎回,,,,
2016/10/10,1.326,1.326,,,1,2.24,开放申购,开放赎回,,,,
2016/9/30,1.297,1.297,,,1,0.31,开放申购,开放赎回,,,,
2016/9/29,1.293,1.293,,,1,0.54,开放申购,开放赎回,,,,
2016/9/28,1.286,1.286,,,1,-0.23,开放申购,开放赎回,,,,
2016/9/27,1.289,1.289,,,1,0.39,开放申购,开放赎回,,,,
2016/9/26,1.284,1.284,,,1,-1.38,开放申购,开放赎回,,,,
2016/9/23,1.302,1.302,,,1,-0.15,开放申购,开放赎回,,,,
2016/9/22,1.304,1.304,,,1,0.38,开放申购,开放赎回,,,,
2016/9/21,1.299,1.299,,,1,0.31,开放申购,开放赎回,,,,
2016/9/20,1.295,1.295,,,1,-0.38,开放申购,开放赎回,,,,
2016/9/19,1.3,1.3,,,1,1.4,开放申购,开放赎回,,,,
2016/9/14,1.282,1.282,,,1,-0.47,开放申购,开放赎回,,,,
2016/9/13,1.288,1.288,,,1,0.16,开放申购,开放赎回,,,,
2016/9/12,1.286,1.286,,,1,-1.98,开放申购,开放赎回,,,,
2016/9/9,1.312,1.312,,,1,-0.3,开放申购,开放赎回,,,,
2016/9/8,1.316,1.316,,,1,-0.15,开放申购,开放赎回,,,,
2016/9/7,1.318,1.318,,,1,-0.15,开放申购,开放赎回,,,,
2016/9/6,1.32,1.32,,,1,0.92,开放申购,开放赎回,,,,
2016/9/5,1.308,1.308,,,1,0.31,开放申购,开放赎回,,,,
2016/9/2,1.304,1.304,,,1,-0.69,开放申购,开放赎回,,,,
2016/9/1,1.313,1.313,,,1,-0.83,开放申购,开放赎回,,,,
2016/8/31,1.324,1.324,,,1,-0.3,开放申购,开放赎回,,,,
2016/8/30,1.328,1.328,,,1,0.23,开放申购,开放赎回,,,,
2016/8/29,1.325,1.325,,,1,0.08,开放申购,开放赎回,,,,
2016/8/26,1.324,1.324,,,1,0.46,开放申购,开放赎回,,,,
2016/8/25,1.318,1.318,,,1,-0.3,开放申购,开放赎回,,,,
2016/8/24,1.322,1.322,,,1,0.38,开放申购,开放赎回,,,,
2016/8/23,1.317,1.317,,,1,0.23,开放申购,开放赎回,,,,
2016/8/22,1.314,1.314,,,1,-0.08,开放申购,开放赎回,,,,
2016/8/19,1.315,1.315,,,1,0.54,开放申购,开放赎回,,,,
2016/8/18,1.308,1.308,,,1,-0.3,开放申购,开放赎回,,,,
2016/8/17,1.312,1.312,,,1,0.08,开放申购,开放赎回,,,,
2016/8/16,1.311,1.311,,,1,0,开放申购,开放赎回,,,,
2016/8/15,1.311,1.311,,,1,2.18,开放申购,开放赎回,,,,
2016/8/12,1.283,1.283,,,1,0.47,开放申购,开放赎回,,,,
2016/8/11,1.277,1.277,,,1,-1.24,开放申购,开放赎回,,,,
2016/8/10,1.293,1.293,,,1,-0.08,开放申购,开放赎回,,,,
2016/8/9,1.294,1.294,,,1,0.7,开放申购,开放赎回,,,,
2016/8/8,1.285,1.285,,,1,0.86,开放申购,开放赎回,,,,
2016/8/5,1.274,1.274,,,1,-0.62,开放申购,开放赎回,,,,
2016/8/4,1.282,1.282,,,1,0.08,开放申购,开放赎回,,,,
2016/8/3,1.281,1.281,,,1,0,开放申购,开放赎回,,,,
2016/8/2,1.281,1.281,,,1,0.39,开放申购,开放赎回,,,,
2016/8/1,1.276,1.276,,,1,-1.54,开放申购,开放赎回,,,,
2016/7/29,1.296,1.296,,,1,-0.38,开放申购,开放赎回,,,,
2016/7/28,1.301,1.301,,,1,0.7,开放申购,开放赎回,,,,
2016/7/27,1.292,1.292,,,1,-3.15,开放申购,开放赎回,,,,
2016/7/26,1.334,1.334,,,1,1.44,开放申购,开放赎回,,,,
2016/7/25,1.315,1.315,,,1,0.31,开放申购,开放赎回,,,,
2016/7/22,1.311,1.311,,,1,-1.21,开放申购,开放赎回,,,,
2016/7/21,1.327,1.327,,,1,0.15,开放申购,开放赎回,,,,
2016/7/20,1.325,1.325,,,1,-0.15,开放申购,开放赎回,,,,
2016/7/19,1.327,1.327,,,1,-0.23,开放申购,开放赎回,,,,
2016/7/18,1.33,1.33,,,1,0.08,开放申购,开放赎回,,,,
2016/7/15,1.329,1.329,,,1,-0.08,开放申购,开放赎回,,,,
2016/7/14,1.33,1.33,,,1,-0.67,开放申购,开放赎回,,,,
2016/7/13,1.339,1.339,,,1,-0.22,开放申购,开放赎回,,,,
2016/7/12,1.342,1.342,,,1,2.05,开放申购,开放赎回,,,,
2016/7/11,1.315,1.315,,,1,-0.6,开放申购,开放赎回,,,,
2016/7/8,1.323,1.323,,,1,-0.68,开放申购,开放赎回,,,,
2016/7/7,1.332,1.332,,,1,1.06,开放申购,开放赎回,,,,
2016/7/6,1.318,1.318,,,1,1.07,开放申购,开放赎回,,,,
2016/7/5,1.304,1.304,,,1,-0.31,开放申购,开放赎回,,,,
2016/7/4,1.308,1.308,,,1,1.47,开放申购,开放赎回,,,,
2016/7/1,1.289,1.289,,,1,-0.39,开放申购,开放赎回,,,,
2016/6/30,1.294,1.294,,,1,-0.08,开放申购,开放赎回,,,,
2016/6/29,1.295,1.295,,,1,-0.15,开放申购,开放赎回,,,,
2016/6/28,1.297,1.297,,,1,1.97,开放申购,开放赎回,,,,
2016/6/27,1.272,1.272,,,1,2.17,开放申购,开放赎回,,,,
2016/6/24,1.245,1.245,,,1,-0.48,开放申购,开放赎回,,,,
2016/6/23,1.251,1.251,,,1,-0.48,开放申购,开放赎回,,,,
2016/6/22,1.257,1.257,,,1,1.37,开放申购,开放赎回,,,,
2016/6/21,1.24,1.24,,,1,-1.59,开放申购,开放赎回,,,,
2016/6/20,1.26,1.26,,,1,-0.4,开放申购,开放赎回,,,,
2016/6/17,1.265,1.265,,,1,2.02,开放申购,开放赎回,,,,
2016/6/16,1.24,1.24,,,1,-0.48,开放申购,开放赎回,,,,
2016/6/15,1.246,1.246,,,1,2.81,开放申购,开放赎回,,,,
2016/6/14,1.212,1.212,,,1,0.75,开放申购,开放赎回,,,,
2016/6/13,1.203,1.203,,,1,-4.22,开放申购,开放赎回,,,,
2016/6/8,1.256,1.256,,,1,-1.41,开放申购,开放赎回,,,,
2016/6/7,1.274,1.274,,,1,0.16,开放申购,开放赎回,,,,
2016/6/6,1.272,1.272,,,1,-0.47,开放申购,开放赎回,,,,
2016/6/3,1.278,1.278,,,1,1.67,开放申购,开放赎回,,,,
2016/6/2,1.257,1.257,,,1,0.64,开放申购,开放赎回,,,,
2016/6/1,1.249,1.249,,,1,0.48,开放申购,开放赎回,,,,
2016/5/31,1.243,1.243,,,1,4.1,开放申购,开放赎回,,,,
2016/5/30,1.194,1.194,,,1,-0.58,开放申购,开放赎回,,,,
2016/5/27,1.201,1.201,,,1,-0.99,开放申购,开放赎回,,,,
2016/5/26,1.213,1.213,,,1,0.08,开放申购,开放赎回,,,,
2016/5/25,1.212,1.212,,,1,-0.82,开放申购,开放赎回,,,,
2016/5/24,1.222,1.222,,,1,-1.05,开放申购,开放赎回,,,,
2016/5/23,1.235,1.235,,,1,1.48,开放申购,开放赎回,,,,
2016/5/20,1.217,1.217,,,1,0.08,开放申购,开放赎回,,,,
2016/5/19,1.216,1.216,,,1,-0.08,开放申购,开放赎回,,,,
2016/5/18,1.217,1.217,,,1,-2.48,开放申购,开放赎回,,,,
2016/5/17,1.248,1.248,,,1,1.05,开放申购,开放赎回,,,,
2016/5/16,1.235,1.235,,,1,1.23,开放申购,开放赎回,,,,
2016/5/13,1.22,1.22,,,1,-0.81,开放申购,开放赎回,,,,
2016/5/12,1.23,1.23,,,1,0,开放申购,开放赎回,,,,
2016/5/11,1.23,1.23,,,1,0.24,开放申购,开放赎回,,,,
2016/5/10,1.227,1.227,,,1,-0.08,开放申购,开放赎回,,,,
2016/5/9,1.228,1.228,,,1,-3.23,开放申购,开放赎回,,,,
2016/5/6,1.269,1.269,,,1,-3.72,开放申购,开放赎回,,,,
2016/5/5,1.318,1.318,,,1,0.61,开放申购,开放赎回,,,,
2016/5/4,1.31,1.31,,,1,0.15,开放申购,开放赎回,,,,
2016/5/3,1.308,1.308,,,1,2.83,开放申购,开放赎回,,,,
2016/4/29,1.272,1.272,,,1,-0.24,开放申购,开放赎回,,,,
2016/4/28,1.275,1.275,,,1,-0.23,开放申购,开放赎回,,,,
2016/4/27,1.278,1.278,,,1,-0.54,开放申购,开放赎回,,,,
2016/4/26,1.285,1.285,,,1,1.18,开放申购,开放赎回,,,,
2016/4/25,1.27,1.27,,,1,0.08,开放申购,开放赎回,,,,
2016/4/22,1.269,1.269,,,1,1.28,开放申购,开放赎回,,,,
2016/4/21,1.253,1.253,,,1,-0.71,开放申购,开放赎回,,,,
2016/4/20,1.262,1.262,,,1,-4.68,开放申购,开放赎回,,,,
2016/4/19,1.324,1.324,,,1,0,开放申购,开放赎回,,,,
2016/4/18,1.324,1.324,,,1,-1.49,开放申购,开放赎回,,,,
2016/4/15,1.344,1.344,,,1,-0.52,开放申购,开放赎回,,,,
2016/4/14,1.351,1.351,,,1,0.3,开放申购,开放赎回,,,,
2016/4/13,1.347,1.347,,,1,0.97,开放申购,开放赎回,,,,
2016/4/12,1.334,1.334,,,1,-1.33,开放申购,开放赎回,,,,
2016/4/11,1.352,1.352,,,1,3.05,开放申购,开放赎回,,,,
2016/4/8,1.312,1.312,,,1,-0.83,开放申购,开放赎回,,,,
2016/4/7,1.323,1.323,,,1,-1.42,开放申购,开放赎回,,,,
2016/4/6,1.342,1.342,,,1,0.9,开放申购,开放赎回,,,,
2016/4/5,1.33,1.33,,,1,2.39,开放申购,开放赎回,,,,
2016/4/1,1.299,1.299,,,1,-0.61,开放申购,开放赎回,,,,
2016/3/31,1.307,1.307,,,1,-0.15,开放申购,开放赎回,,,,
2016/3/30,1.309,1.309,,,1,3.64,开放申购,开放赎回,,,,
2016/3/29,1.263,1.263,,,1,-1.94,开放申购,开放赎回,,,,
2016/3/28,1.288,1.288,,,1,-1,开放申购,开放赎回,,,,
2016/3/25,1.301,1.301,,,1,0.77,开放申购,开放赎回,,,,
2016/3/24,1.291,1.291,,,1,-1.22,开放申购,开放赎回,,,,
2016/3/23,1.307,1.307,,,1,0.62,开放申购,开放赎回,,,,
2016/3/22,1.299,1.299,,,1,-0.38,开放申购,开放赎回,,,,
2016/3/21,1.304,1.304,,,1,2.19,开放申购,开放赎回,,,,
2016/3/18,1.276,1.276,,,1,3.07,开放申购,开放赎回,,,,
2016/3/17,1.238,1.238,,,1,3.25,开放申购,开放赎回,,,,
2016/3/16,1.199,1.199,,,1,-1.07,开放申购,开放赎回,,,,
2016/3/15,1.212,1.212,,,1,-0.74,开放申购,开放赎回,,,,
2016/3/14,1.221,1.221,,,1,2.95,开放申购,开放赎回,,,,
2016/3/11,1.186,1.186,,,1,-0.5,开放申购,开放赎回,,,,
2016/3/10,1.192,1.192,,,1,-1.65,开放申购,开放赎回,,,,
2016/3/9,1.212,1.212,,,1,-1.14,开放申购,开放赎回,,,,
2016/3/8,1.226,1.226,,,1,0.82,开放申购,开放赎回,,,,
2016/3/7,1.216,1.216,,,1,1,开放申购,开放赎回,,,,
2016/3/4,1.204,1.204,,,1,-3.45,开放申购,开放赎回,,,,
2016/3/3,1.247,1.247,,,1,-0.24,开放申购,开放赎回,,,,
2016/3/2,1.25,1.25,,,1,3.65,开放申购,开放赎回,,,,
2016/3/1,1.206,1.206,,,1,2.03,开放申购,开放赎回,,,,
2016/2/29,1.182,1.182,,,1,-5.74,开放申购,开放赎回,,,,
2016/2/26,1.254,1.254,,,1,-0.56,开放申购,开放赎回,,,,
2016/2/25,1.261,1.261,,,1,-7.42,开放申购,开放赎回,,,,
2016/2/24,1.362,1.362,,,1,-1.45,开放申购,开放赎回,,,,
2016/2/23,1.382,1.382,,,1,-0.93,开放申购,开放赎回,,,,
2016/2/22,1.395,1.395,,,1,1.23,开放申购,开放赎回,,,,
2016/2/19,1.378,1.378,,,1,0.22,开放申购,开放赎回,,,,
2016/2/18,1.375,1.375,,,1,-0.94,开放申购,开放赎回,,,,
2016/2/17,1.388,1.388,,,1,0.29,开放申购,开放赎回,,,,
2016/2/16,1.384,1.384,,,1,3.83,开放申购,开放赎回,,,,
2016/2/15,1.333,1.333,,,1,0.91,开放申购,开放赎回,,,,
2016/2/5,1.321,1.321,,,1,0,开放申购,开放赎回,,,,
2016/2/4,1.321,1.321,,,1,2.4,开放申购,开放赎回,,,,
2016/2/3,1.29,1.29,,,1,-0.46,开放申购,开放赎回,,,,
2016/2/2,1.296,1.296,,,1,3.76,开放申购,开放赎回,,,,
2016/2/1,1.249,1.249,,,1,-0.08,开放申购,开放赎回,,,,
2016/1/29,1.25,1.25,,,1,3.82,开放申购,开放赎回,,,,
2016/1/28,1.204,1.204,,,1,-3.37,开放申购,开放赎回,,,,
2016/1/27,1.246,1.246,,,1,-0.48,开放申购,开放赎回,,,,
2016/1/26,1.252,1.252,,,1,-7.19,开放申购,开放赎回,,,,
2016/1/25,1.349,1.349,,,1,0.75,开放申购,开放赎回,,,,
2016/1/22,1.339,1.339,,,1,0.3,开放申购,开放赎回,,,,
2016/1/21,1.335,1.335,,,1,-3.68,开放申购,开放赎回,,,,
2016/1/20,1.386,1.386,,,1,-1.14,开放申购,开放赎回,,,,
2016/1/19,1.402,1.402,,,1,3.78,开放申购,开放赎回,,,,
2016/1/18,1.351,1.351,,,1,2.12,开放申购,开放赎回,,,,
2016/1/15,1.323,1.323,,,1,-2.72,开放申购,开放赎回,,,,
2016/1/14,1.36,1.36,,,1,3.98,开放申购,开放赎回,,,,
2016/1/13,1.308,1.308,,,1,-3.33,开放申购,开放赎回,,,,
2016/1/12,1.353,1.353,,,1,0.97,开放申购,开放赎回,,,,
2016/1/11,1.34,1.34,,,1,-6.56,开放申购,开放赎回,,,,
2016/1/8,1.434,1.434,,,1,0.91,开放申购,开放赎回,,,,
2016/1/7,1.421,1.421,,,1,-8.09,开放申购,开放赎回,,,,
2016/1/6,1.546,1.546,,,1,1.58,开放申购,开放赎回,,,,
2016/1/5,1.522,1.522,,,1,-2.25,开放申购,开放赎回,,,,
2016/1/4,1.557,1.557,,,1,-8.03,开放申购,开放赎回,,,,
2015/12/31,1.693,1.693,,,1,-2.03,开放申购,开放赎回,,,,
2015/12/30,1.728,1.728,,,1,1.05,开放申购,开放赎回,,,,
2015/12/29,1.71,1.71,,,1,0.71,开放申购,开放赎回,,,,
2015/12/28,1.698,1.698,,,1,-0.59,开放申购,开放赎回,,,,
2015/12/25,1.708,1.708,,,1,-0.29,开放申购,开放赎回,,,,
2015/12/24,1.713,1.713,,,1,0.59,开放申购,开放赎回,,,,
2015/12/23,1.703,1.703,,,1,-0.93,开放申购,开放赎回,,,,
2015/12/22,1.719,1.719,,,1,0.88,开放申购,开放赎回,,,,
2015/12/21,1.704,1.704,,,1,0.29,开放申购,开放赎回,,,,
2015/12/18,1.699,1.699,,,1,-0.41,开放申购,开放赎回,,,,
2015/12/17,1.706,1.706,,,1,2.9,开放申购,开放赎回,,,,
2015/12/16,1.658,1.658,,,1,-0.12,开放申购,开放赎回,,,,
2015/12/15,1.66,1.66,,,1,-0.06,开放申购,开放赎回,,,,
2015/12/14,1.661,1.661,,,1,1.22,开放申购,开放赎回,,,,
2015/12/11,1.641,1.641,,,1,-0.55,开放申购,开放赎回,,,,
2015/12/10,1.65,1.65,,,1,-0.48,开放申购,开放赎回,,,,
2015/12/9,1.658,1.658,,,1,-1.49,开放申购,开放赎回,,,,
2015/12/8,1.683,1.683,,,1,-1.87,开放申购,开放赎回,,,,
2015/12/7,1.715,1.715,,,1,1.18,开放申购,开放赎回,,,,
2015/12/4,1.695,1.695,,,1,-0.7,开放申购,开放赎回,,,,
2015/12/3,1.707,1.707,,,1,2.77,开放申购,开放赎回,,,,
2015/12/2,1.661,1.661,,,1,-1.13,开放申购,开放赎回,,,,
2015/12/1,1.68,1.68,,,1,-0.89,开放申购,开放赎回,,,,
2015/11/30,1.695,1.695,,,1,1.19,开放申购,开放赎回,,,,
2015/11/27,1.675,1.675,,,1,-5.21,开放申购,开放赎回,,,,
2015/11/26,1.767,1.767,,,1,-1.56,开放申购,开放赎回,,,,
2015/11/25,1.795,1.795,,,1,3.04,开放申购,开放赎回,,,,
2015/11/24,1.742,1.742,,,1,1.57,开放申购,开放赎回,,,,
2015/11/23,1.715,1.715,,,1,-1.32,开放申购,开放赎回,,,,
2015/11/20,1.738,1.738,,,1,-0.17,开放申购,开放赎回,,,,
2015/11/19,1.741,1.741,,,1,3.08,开放申购,开放赎回,,,,
2015/11/18,1.689,1.689,,,1,-1.11,开放申购,开放赎回,,,,
2015/11/17,1.708,1.708,,,1,-2.12,开放申购,开放赎回,,,,
2015/11/16,1.745,1.745,,,1,1.1,开放申购,开放赎回,,,,
2015/11/13,1.726,1.726,,,1,-4.64,开放申购,开放赎回,,,,
2015/11/12,1.81,1.81,,,1,1.4,开放申购,开放赎回,,,,
2015/11/11,1.785,1.785,,,1,2.23,开放申购,开放赎回,,,,
2015/11/10,1.746,1.746,,,1,-0.11,开放申购,开放赎回,,,,
2015/11/9,1.748,1.748,,,1,1.33,开放申购,开放赎回,,,,
2015/11/6,1.725,1.725,,,1,2.5,开放申购,开放赎回,,,,
2015/11/5,1.683,1.683,,,1,-1.46,开放申购,开放赎回,,,,
2015/11/4,1.708,1.708,,,1,5.3,开放申购,开放赎回,,,,
2015/11/3,1.622,1.622,,,1,-0.73,开放申购,开放赎回,,,,
2015/11/2,1.634,1.634,,,1,-1.57,开放申购,开放赎回,,,,
2015/10/30,1.66,1.66,,,1,-0.36,开放申购,开放赎回,,,,
2015/10/29,1.666,1.666,,,1,0.85,开放申购,开放赎回,,,,
2015/10/28,1.652,1.652,,,1,-3.28,开放申购,开放赎回,,,,
2015/10/27,1.708,1.708,,,1,1.12,开放申购,开放赎回,,,,
2015/10/26,1.689,1.689,,,1,-1.29,开放申购,开放赎回,,,,
2015/10/23,1.711,1.711,,,1,2.82,开放申购,开放赎回,,,,
2015/10/22,1.664,1.664,,,1,6.05,开放申购,开放赎回,,,,
2015/10/21,1.569,1.569,,,1,-3.56,开放申购,开放赎回,,,,
2015/10/20,1.627,1.627,,,1,1.43,开放申购,开放赎回,,,,
2015/10/19,1.604,1.604,,,1,-1.05,开放申购,开放赎回,,,,
2015/10/16,1.621,1.621,,,1,0.81,开放申购,开放赎回,,,,
2015/10/15,1.608,1.608,,,1,2.81,开放申购,开放赎回,,,,
2015/10/14,1.564,1.564,,,1,-0.89,开放申购,开放赎回,,,,
2015/10/13,1.578,1.578,,,1,0.83,开放申购,开放赎回,,,,
2015/10/12,1.565,1.565,,,1,3.23,开放申购,开放赎回,,,,
2015/10/9,1.516,1.516,,,1,1.13,开放申购,开放赎回,,,,
2015/10/8,1.499,1.499,,,1,3.31,开放申购,开放赎回,,,,
2015/9/30,1.451,1.451,,,1,-0.55,开放申购,开放赎回,,,,
2015/9/29,1.459,1.459,,,1,-1.29,开放申购,开放赎回,,,,
2015/9/28,1.478,1.478,,,1,3.72,开放申购,开放赎回,,,,
2015/9/25,1.425,1.425,,,1,-2.93,开放申购,开放赎回,,,,
2015/9/24,1.468,1.468,,,1,1.73,开放申购,开放赎回,,,,
2015/9/23,1.443,1.443,,,1,-1.16,开放申购,开放赎回,,,,
2015/9/22,1.46,1.46,,,1,0.41,开放申购,开放赎回,,,,
2015/9/21,1.454,1.454,,,1,4.45,开放申购,开放赎回,,,,
2015/9/18,1.392,1.392,,,1,1.75,开放申购,开放赎回,,,,
2015/9/17,1.368,1.368,,,1,-1.51,开放申购,开放赎回,,,,
2015/9/16,1.389,1.389,,,1,6.85,开放申购,开放赎回,,,,
2015/9/15,1.3,1.3,,,1,-2.4,开放申购,开放赎回,,,,
2015/9/14,1.332,1.332,,,1,-5.73,开放申购,开放赎回,,,,
2015/9/11,1.413,1.413,,,1,-0.28,开放申购,开放赎回,,,,
2015/9/10,1.417,1.417,,,1,-1.94,开放申购,开放赎回,,,,
2015/9/9,1.445,1.445,,,1,2.99,开放申购,开放赎回,,,,
2015/9/8,1.403,1.403,,,1,5.02,开放申购,开放赎回,,,,
2015/9/7,1.336,1.336,,,1,-0.22,开放申购,开放赎回,,,,
2015/9/2,1.339,1.339,,,1,0.45,开放申购,开放赎回,,,,
2015/9/1,1.333,1.333,,,1,-4.51,开放申购,开放赎回,,,,
2015/8/31,1.396,1.396,,,1,-3.39,开放申购,开放赎回,,,,
2015/8/28,1.445,1.445,,,1,5.86,开放申购,开放赎回,,,,
2015/8/27,1.365,1.365,,,1,3.96,开放申购,开放赎回,,,,
2015/8/26,1.313,1.313,,,1,0.38,开放申购,开放赎回,,,,
2015/8/25,1.308,1.308,,,1,-8.08,开放申购,开放赎回,,,,
2015/8/24,1.423,1.423,,,1,-8.61,开放申购,开放赎回,,,,
2015/8/21,1.557,1.557,,,1,-5.41,开放申购,开放赎回,,,,
2015/8/20,1.646,1.646,,,1,-3.97,开放申购,开放赎回,,,,
2015/8/19,1.714,1.714,,,1,1.96,开放申购,开放赎回,,,,
2015/8/18,1.681,1.681,,,1,-7.89,开放申购,开放赎回,,,,
2015/8/17,1.825,1.825,,,1,1.11,开放申购,开放赎回,,,,
2015/8/14,1.805,1.805,,,1,0.11,开放申购,开放赎回,,,,
2015/8/13,1.803,1.803,,,1,0.9,开放申购,开放赎回,,,,
2015/8/12,1.787,1.787,,,1,-2.14,开放申购,开放赎回,,,,
2015/8/11,1.826,1.826,,,1,-0.27,开放申购,开放赎回,,,,
2015/8/10,1.831,1.831,,,1,4.81,开放申购,开放赎回,,,,
2015/8/7,1.747,1.747,,,1,3.13,开放申购,开放赎回,,,,
2015/8/6,1.694,1.694,,,1,-1.51,开放申购,开放赎回,,,,
2015/8/5,1.72,1.72,,,1,-0.98,开放申购,开放赎回,,,,
2015/8/4,1.737,1.737,,,1,4.58,开放申购,开放赎回,,,,
2015/8/3,1.661,1.661,,,1,-3.15,开放申购,开放赎回,,,,
2015/7/31,1.715,1.715,,,1,-0.75,开放申购,开放赎回,,,,
2015/7/30,1.728,1.728,,,1,-4.69,开放申购,开放赎回,,,,
2015/7/29,1.813,1.813,,,1,3.78,开放申购,开放赎回,,,,
2015/7/28,1.747,1.747,,,1,-3.32,开放申购,开放赎回,,,,
2015/7/27,1.807,1.807,,,1,-8.78,开放申购,开放赎回,,,,
2015/7/24,1.981,1.981,,,1,-1.93,开放申购,开放赎回,,,,
2015/7/23,2.02,2.02,,,1,3.11,开放申购,开放赎回,,,,
2015/7/22,1.959,1.959,,,1,0.77,开放申购,开放赎回,,,,
2015/7/21,1.944,1.944,,,1,1.83,开放申购,开放赎回,,,,
2015/7/20,1.909,1.909,,,1,1.76,开放申购,开放赎回,,,,
2015/7/17,1.876,1.876,,,1,6.53,开放申购,开放赎回,,,,
2015/7/16,1.761,1.761,,,1,1.73,开放申购,开放赎回,,,,
2015/7/15,1.731,1.731,,,1,-7.23,开放申购,开放赎回,,,,
2015/7/14,1.866,1.866,,,1,2.36,开放申购,开放赎回,,,,
2015/7/13,1.823,1.823,,,1,7.68,开放申购,开放赎回,,,,
2015/7/10,1.693,1.693,,,1,5.75,开放申购,开放赎回,,,,
2015/7/9,1.601,1.601,,,1,5.26,开放申购,开放赎回,,,,
2015/7/8,1.521,1.521,,,1,-3.92,开放申购,开放赎回,,,,
2015/7/7,1.583,1.583,,,1,-8.39,开放申购,开放赎回,,,,
2015/7/6,1.728,1.728,,,1,-8.86,开放申购,开放赎回,,,,
2015/7/3,1.896,1.896,,,1,-2.57,开放申购,开放赎回,,,,
2015/7/2,1.946,1.946,,,1,-4.42,开放申购,开放赎回,,,,
2015/7/1,2.036,2.036,,,1,-3.23,开放申购,开放赎回,,,,
2015/6/30,2.104,2.104,,,1,3.95,开放申购,开放赎回,,,,
2015/6/29,2.024,2.024,,,1,-6.94,限制大额申购,开放赎回,,,,
2015/6/26,2.175,2.175,,,1,-7.6,限制大额申购,开放赎回,,,,
2015/6/25,2.354,2.354,,,1,-3.45,限制大额申购,开放赎回,,,,
2015/6/24,2.438,2.438,,,1,0.66,限制大额申购,开放赎回,,,,
2015/6/23,2.422,2.422,,,1,1.34,限制大额申购,开放赎回,,,,
2015/6/19,2.39,2.39,,,1,-5.23,限制大额申购,开放赎回,,,,
2015/6/18,2.522,2.522,,,1,-4.03,限制大额申购,开放赎回,,,,
2015/6/17,2.628,2.628,,,1,2.26,限制大额申购,开放赎回,,,,
2015/6/16,2.57,2.57,,,1,-3.85,限制大额申购,开放赎回,,,,
2015/6/15,2.673,2.673,,,1,-3.68,限制大额申购,开放赎回,,,,
2015/6/12,2.775,2.775,,,1,-0.25,限制大额申购,开放赎回,,,,
2015/6/11,2.782,2.782,,,1,1.76,限制大额申购,开放赎回,,,,
2015/6/10,2.734,2.734,,,1,1.86,限制大额申购,开放赎回,,,,
2015/6/9,2.684,2.684,,,1,-0.41,限制大额申购,开放赎回,,,,
2015/6/8,2.695,2.695,,,1,-3.51,限制大额申购,开放赎回,,,,
2015/6/5,2.793,2.793,,,1,-0.78,限制大额申购,开放赎回,,,,
2015/6/4,2.815,2.815,,,1,-0.88,限制大额申购,开放赎回,,,,
2015/6/3,2.84,2.84,,,1,1.94,限制大额申购,开放赎回,,,,
2015/6/2,2.786,2.786,,,1,3.38,限制大额申购,开放赎回,,,,
2015/6/1,2.695,2.695,,,1,4.86,限制大额申购,开放赎回,,,,
2015/5/29,2.57,2.57,,,1,0.94,限制大额申购,开放赎回,,,,
2015/5/28,2.546,2.546,,,1,-4.96,限制大额申购,开放赎回,,,,
2015/5/27,2.679,2.679,,,1,0.07,限制大额申购,开放赎回,,,,
2015/5/26,2.677,2.677,,,1,3.28,开放申购,开放赎回,,,,
2015/5/25,2.592,2.592,,,1,-0.27,开放申购,开放赎回,,,,
2015/5/22,2.599,2.599,,,1,0.43,开放申购,开放赎回,,,,
2015/5/21,2.588,2.588,,,1,5.46,开放申购,开放赎回,,,,
2015/5/20,2.454,2.454,,,1,3.07,开放申购,开放赎回,,,,
2015/5/19,2.381,2.381,,,1,1.97,开放申购,开放赎回,,,,
2015/5/18,2.335,2.335,,,1,2.68,开放申购,开放赎回,,,,
2015/5/15,2.274,2.274,,,1,-0.39,开放申购,开放赎回,,,,
2015/5/14,2.283,2.283,,,1,-1.21,开放申购,开放赎回,,,,
2015/5/13,2.311,2.311,,,1,1.01,开放申购,开放赎回,,,,
2015/5/12,2.288,2.288,,,1,2.01,开放申购,开放赎回,,,,
2015/5/11,2.243,2.243,,,1,5.21,开放申购,开放赎回,,,,
2015/5/8,2.132,2.132,,,1,4.92,开放申购,开放赎回,,,,
2015/5/7,2.032,2.032,,,1,-1.02,开放申购,开放赎回,,,,
2015/5/6,2.053,2.053,,,1,1.08,开放申购,开放赎回,,,,
2015/5/5,2.031,2.031,,,1,-2.68,开放申购,开放赎回,,,,
2015/5/4,2.087,2.087,,,1,-0.95,开放申购,开放赎回,,,,
2015/4/30,2.107,2.107,,,1,0.48,开放申购,开放赎回,,,,
2015/4/29,2.097,2.097,,,1,1.9,开放申购,开放赎回,,,,
2015/4/28,2.058,2.058,,,1,-3.92,开放申购,开放赎回,,,,
2015/4/27,2.142,2.142,,,1,0.09,开放申购,开放赎回,,,,
2015/4/24,2.14,2.14,,,1,-0.19,开放申购,开放赎回,,,,
2015/4/23,2.144,2.144,,,1,1.66,开放申购,开放赎回,,,,
2015/4/22,2.109,2.109,,,1,3.13,开放申购,开放赎回,,,,
2015/4/21,2.045,2.045,,,1,3.91,开放申购,开放赎回,,,,
2015/4/20,1.968,1.968,,,1,-3.81,开放申购,开放赎回,,,,
2015/4/17,2.046,2.046,,,1,-1.78,开放申购,开放赎回,,,,
2015/4/16,2.083,2.083,,,1,2.01,开放申购,开放赎回,,,,
2015/4/15,2.042,2.042,,,1,-2.34,开放申购,开放赎回,,,,
2015/4/14,2.091,2.091,,,1,2.3,开放申购,开放赎回,,,,
2015/4/13,2.044,2.044,,,1,5.31,开放申购,开放赎回,,,,
2015/4/10,1.941,1.941,,,1,5.03,开放申购,开放赎回,,,,
2015/4/9,1.848,1.848,,,1,1.71,开放申购,开放赎回,,,,
2015/4/8,1.817,1.817,,,1,-2.1,开放申购,开放赎回,,,,
2015/4/7,1.856,1.856,,,1,1.98,开放申购,开放赎回,,,,
2015/4/3,1.82,1.82,,,1,1.68,开放申购,开放赎回,,,,
2015/4/2,1.79,1.79,,,1,1.19,开放申购,开放赎回,,,,
2015/4/1,1.769,1.769,,,1,2.79,开放申购,开放赎回,,,,
2015/3/31,1.721,1.721,,,1,2.99,开放申购,开放赎回,,,,
2015/3/30,1.671,1.671,,,1,0.3,开放申购,开放赎回,,,,
2015/3/27,1.666,1.666,,,1,1.03,开放申购,开放赎回,,,,
2015/3/26,1.649,1.649,,,1,-2.31,开放申购,开放赎回,,,,
2015/3/25,1.688,1.688,,,1,0.96,开放申购,开放赎回,,,,
2015/3/24,1.672,1.672,,,1,0,开放申购,开放赎回,,,,
2015/3/23,1.672,1.672,,,1,2.26,开放申购,开放赎回,,,,
2015/3/20,1.635,1.635,,,1,0.99,开放申购,开放赎回,,,,
2015/3/19,1.619,1.619,,,1,-1.1,开放申购,开放赎回,,,,
2015/3/18,1.637,1.637,,,1,0.74,开放申购,开放赎回,,,,
2015/3/17,1.625,1.625,,,1,0.62,开放申购,开放赎回,,,,
2015/3/16,1.615,1.615,,,1,3.99,开放申购,开放赎回,,,,
2015/3/13,1.553,1.553,,,1,1.04,开放申购,开放赎回,,,,
2015/3/12,1.537,1.537,,,1,-0.45,开放申购,开放赎回,,,,
2015/3/11,1.544,1.544,,,1,-0.96,开放申购,开放赎回,,,,
2015/3/10,1.559,1.559,,,1,1.96,开放申购,开放赎回,,,,
2015/3/9,1.529,1.529,,,1,2.07,开放申购,开放赎回,,,,
2015/3/6,1.498,1.498,,,1,-3.04,开放申购,开放赎回,,,,
2015/3/5,1.545,1.545,,,1,0.06,开放申购,开放赎回,,,,
2015/3/4,1.544,1.544,,,1,3.9,开放申购,开放赎回,,,,
2015/3/3,1.486,1.486,,,1,-0.13,开放申购,开放赎回,,,,
2015/3/2,1.488,1.488,,,1,1.5,开放申购,开放赎回,,,,
2015/2/27,1.466,1.466,,,1,0.76,开放申购,开放赎回,,,,
2015/2/26,1.455,1.455,,,1,0,开放申购,开放赎回,,,,
2015/2/25,1.455,1.455,,,1,-1.15,开放申购,开放赎回,,,,
2015/2/17,1.472,1.472,,,1,0.27,开放申购,开放赎回,,,,
2015/2/16,1.468,1.468,,,1,2.23,开放申购,开放赎回,,,,
2015/2/13,1.436,1.436,,,1,1.27,开放申购,开放赎回,,,,
2015/2/12,1.418,1.418,,,1,1.14,开放申购,开放赎回,,,,
2015/2/11,1.402,1.402,,,1,1.74,开放申购,开放赎回,,,,
2015/2/10,1.378,1.378,,,1,1.1,开放申购,开放赎回,,,,
2015/2/9,1.363,1.363,,,1,-1.02,开放申购,开放赎回,,,,
2015/2/6,1.377,1.377,,,1,-0.72,开放申购,开放赎回,,,,
2015/2/5,1.387,1.387,,,1,0.07,开放申购,开放赎回,,,,
2015/2/4,1.386,1.386,,,1,-1.21,开放申购,开放赎回,,,,
2015/2/3,1.403,1.403,,,1,1.08,开放申购,开放赎回,,,,
2015/2/2,1.388,1.388,,,1,1.09,开放申购,开放赎回,,,,
2015/1/30,1.373,1.373,,,1,-0.36,开放申购,开放赎回,,,,
2015/1/29,1.378,1.378,,,1,-1.29,开放申购,开放赎回,,,,
2015/1/28,1.396,1.396,,,1,-0.85,开放申购,开放赎回,,,,
2015/1/27,1.408,1.408,,,1,-0.07,开放申购,开放赎回,,,,
2015/1/26,1.409,1.409,,,1,1,开放申购,开放赎回,,,,
2015/1/23,1.395,1.395,,,1,-0.92,开放申购,开放赎回,,,,
2015/1/22,1.408,1.408,,,1,1.44,开放申购,开放赎回,,,,
2015/1/21,1.388,1.388,,,1,1.17,开放申购,开放赎回,,,,
2015/1/20,1.372,1.372,,,1,3.24,开放申购,开放赎回,,,,
2015/1/19,1.329,1.329,,,1,0.08,开放申购,开放赎回,,,,
2015/1/16,1.328,1.328,,,1,0.53,开放申购,开放赎回,,,,
2015/1/15,1.321,1.321,,,1,0.23,开放申购,开放赎回,,,,
2015/1/14,1.318,1.318,,,1,-0.9,开放申购,开放赎回,,,,
2015/1/13,1.33,1.33,,,1,0.91,开放申购,开放赎回,,,,
2015/1/12,1.318,1.318,,,1,1.23,开放申购,开放赎回,,,,
2015/1/9,1.302,1.302,,,1,-0.15,开放申购,开放赎回,,,,
2015/1/8,1.304,1.304,,,1,0.38,开放申购,开放赎回,,,,
2015/1/7,1.299,1.299,,,1,-0.92,开放申购,开放赎回,,,,
2015/1/6,1.311,1.311,,,1,3.31,开放申购,开放赎回,,,,
2015/1/5,1.269,1.269,,,1,0.63,开放申购,开放赎回,,,,
2014/12/31,1.261,1.261,,,1,0.96,开放申购,开放赎回,,,,
2014/12/30,1.249,1.249,,,1,-0.16,开放申购,开放赎回,,,,
2014/12/29,1.251,1.251,,,1,-1.81,开放申购,开放赎回,,,,
2014/12/26,1.274,1.274,,,1,0.32,开放申购,开放赎回,,,,
2014/12/25,1.27,1.27,,,1,0.47,开放申购,开放赎回,,,,
2014/12/24,1.264,1.264,,,1,1.44,开放申购,开放赎回,,,,
2014/12/23,1.246,1.246,,,1,-0.64,开放申购,开放赎回,,,,
2014/12/22,1.254,1.254,,,1,-3.02,开放申购,开放赎回,,,,
2014/12/19,1.293,1.293,,,1,-1.6,开放申购,开放赎回,,,,
2014/12/18,1.314,1.314,,,1,-0.45,开放申购,开放赎回,,,,
2014/12/17,1.32,1.32,,,1,-1.42,开放申购,开放赎回,,,,
2014/12/16,1.339,1.339,,,1,-0.74,开放申购,开放赎回,,,,
2014/12/15,1.349,1.349,,,1,2.43,开放申购,开放赎回,,,,
2014/12/12,1.317,1.317,,,1,1,开放申购,开放赎回,,,,
2014/12/11,1.304,1.304,,,1,0,开放申购,开放赎回,,,,
2014/12/10,1.304,1.304,,,1,3.08,开放申购,开放赎回,,,,
2014/12/9,1.265,1.265,,,1,-2.24,开放申购,开放赎回,,,,
2014/12/8,1.294,1.294,,,1,-0.61,开放申购,开放赎回,,,,
2014/12/5,1.302,1.302,,,1,-1.44,开放申购,开放赎回,,,,
2014/12/4,1.321,1.321,,,1,0.69,开放申购,开放赎回,,,,
2014/12/3,1.312,1.312,,,1,0.46,开放申购,开放赎回,,,,
2014/12/2,1.306,1.306,,,1,0.15,开放申购,开放赎回,,,,
2014/12/1,1.304,1.304,,,1,0.85,开放申购,开放赎回,,,,
2014/11/28,1.293,1.293,,,1,-0.08,开放申购,开放赎回,,,,
2014/11/27,1.294,1.294,,,1,0.08,开放申购,开放赎回,,,,
2014/11/26,1.293,1.293,,,1,-0.15,开放申购,开放赎回,,,,
2014/11/25,1.295,1.295,,,1,1.17,开放申购,开放赎回,,,,
2014/11/24,1.28,1.28,,,1,-0.85,开放申购,开放赎回,,,,
2014/11/21,1.291,1.291,,,1,0.16,开放申购,开放赎回,,,,
2014/11/20,1.289,1.289,,,1,-0.85,开放申购,开放赎回,,,,
2014/11/19,1.3,1.3,,,1,-0.08,开放申购,开放赎回,,,,
2014/11/18,1.301,1.301,,,1,-0.38,开放申购,开放赎回,,,,
2014/11/17,1.306,1.306,,,1,0.62,开放申购,开放赎回,,,,
2014/11/14,1.298,1.298,,,1,1.09,开放申购,开放赎回,,,,
2014/11/13,1.284,1.284,,,1,-1.61,开放申购,开放赎回,,,,
2014/11/12,1.305,1.305,,,1,0.54,开放申购,开放赎回,,,,
2014/11/11,1.298,1.298,,,1,-1.22,开放申购,开放赎回,,,,
2014/11/10,1.314,1.314,,,1,0.84,开放申购,开放赎回,,,,
2014/11/7,1.303,1.303,,,1,-1.29,开放申购,开放赎回,,,,
2014/11/6,1.32,1.32,,,1,0.53,开放申购,开放赎回,,,,
2014/11/5,1.313,1.313,,,1,0.08,开放申购,开放赎回,,,,
2014/11/4,1.312,1.312,,,1,-1.28,开放申购,开放赎回,,,,
2014/11/3,1.329,1.329,,,1,-0.52,开放申购,开放赎回,,,,
2014/10/31,1.336,1.336,,,1,-0.6,开放申购,开放赎回,,,,
2014/10/30,1.344,1.344,,,1,0.22,开放申购,开放赎回,,,,
2014/10/29,1.341,1.341,,,1,0.07,开放申购,开放赎回,,,,
2014/10/28,1.34,1.34,,,1,1.06,开放申购,开放赎回,,,,
2014/10/27,1.326,1.326,,,1,0.99,开放申购,开放赎回,,,,
2014/10/24,1.313,1.313,,,1,-0.23,开放申购,开放赎回,,,,
2014/10/23,1.316,1.316,,,1,-1.13,开放申购,开放赎回,,,,
2014/10/22,1.331,1.331,,,1,-1.48,开放申购,开放赎回,,,,
2014/10/21,1.351,1.351,,,1,-1.31,开放申购,开放赎回,,,,
2014/10/20,1.369,1.369,,,1,1.26,开放申购,开放赎回,,,,
2014/10/17,1.352,1.352,,,1,-0.59,开放申购,开放赎回,,,,
2014/10/16,1.36,1.36,,,1,-1.16,开放申购,开放赎回,,,,
2014/10/15,1.376,1.376,,,1,1.62,开放申购,开放赎回,,,,
2014/10/14,1.354,1.354,,,1,-1.02,开放申购,开放赎回,,,,
2014/10/13,1.368,1.368,,,1,0.51,开放申购,开放赎回,,,,
2014/10/10,1.361,1.361,,,1,-0.15,开放申购,开放赎回,,,,
2014/10/9,1.363,1.363,,,1,-0.58,开放申购,开放赎回,,,,
2014/10/8,1.371,1.371,,,1,3.86,开放申购,开放赎回,,,,
2014/9/30,1.32,1.32,,,1,0.46,开放申购,开放赎回,,,,
2014/9/29,1.314,1.314,,,1,-0.15,开放申购,开放赎回,,,,
2014/9/26,1.316,1.316,,,1,0.23,开放申购,开放赎回,,,,
2014/9/25,1.313,1.313,,,1,-0.15,开放申购,开放赎回,,,,
2014/9/24,1.315,1.315,,,1,0.77,开放申购,开放赎回,,,,
2014/9/23,1.305,1.305,,,1,0.69,开放申购,开放赎回,,,,
2014/9/22,1.296,1.296,,,1,-1.22,开放申购,开放赎回,,,,
2014/9/19,1.312,1.312,,,1,0.54,开放申购,开放赎回,,,,
2014/9/18,1.305,1.305,,,1,1.71,开放申购,开放赎回,,,,
2014/9/17,1.283,1.283,,,1,1.02,开放申购,开放赎回,,,,
2014/9/16,1.27,1.27,,,1,-1.85,开放申购,开放赎回,,,,
2014/9/15,1.294,1.294,,,1,0.08,开放申购,开放赎回,,,,
2014/9/12,1.293,1.293,,,1,0.47,开放申购,开放赎回,,,,
2014/9/11,1.287,1.287,,,1,-0.46,开放申购,开放赎回,,,,
2014/9/10,1.293,1.293,,,1,-0.23,开放申购,开放赎回,,,,
2014/9/9,1.296,1.296,,,1,-0.15,开放申购,开放赎回,,,,
2014/9/5,1.298,1.298,,,1,0.39,开放申购,开放赎回,,,,
2014/9/4,1.293,1.293,,,1,0.23,开放申购,开放赎回,,,,
2014/9/3,1.29,1.29,,,1,0.23,开放申购,开放赎回,,,,
2014/9/2,1.287,1.287,,,1,0.39,开放申购,开放赎回,,,,
2014/9/1,1.282,1.282,,,1,1.1,开放申购,开放赎回,,,,
2014/8/29,1.268,1.268,,,1,0.71,开放申购,开放赎回,,,,
2014/8/28,1.259,1.259,,,1,-0.32,开放申购,开放赎回,,,,
2014/8/27,1.263,1.263,,,1,0.16,开放申购,开放赎回,,,,
2014/8/26,1.261,1.261,,,1,-1.48,开放申购,开放赎回,,,,
2014/8/25,1.28,1.28,,,1,-0.93,开放申购,开放赎回,,,,
2014/8/22,1.292,1.292,,,1,0.31,开放申购,开放赎回,,,,
2014/8/21,1.288,1.288,,,1,-0.08,开放申购,开放赎回,,,,
2014/8/20,1.289,1.289,,,1,-0.62,开放申购,开放赎回,,,,
2014/8/19,1.297,1.297,,,1,0,开放申购,开放赎回,,,,
2014/8/18,1.297,1.297,,,1,1.57,开放申购,开放赎回,,,,
2014/8/15,1.277,1.277,,,1,1.51,开放申购,开放赎回,,,,
2014/8/14,1.258,1.258,,,1,-0.4,开放申购,开放赎回,,,,
2014/8/13,1.263,1.263,,,1,-0.32,开放申购,开放赎回,,,,
2014/8/12,1.267,1.267,,,1,-0.24,开放申购,开放赎回,,,,
2014/8/11,1.27,1.27,,,1,1.03,开放申购,开放赎回,,,,
2014/8/8,1.257,1.257,,,1,0.24,开放申购,开放赎回,,,,
2014/8/7,1.254,1.254,,,1,-1.1,开放申购,开放赎回,,,,
2014/8/6,1.268,1.268,,,1,0.24,开放申购,开放赎回,,,,
2014/8/5,1.265,1.265,,,1,-0.16,开放申购,开放赎回,,,,
2014/8/4,1.267,1.267,,,1,0.4,开放申购,开放赎回,,,,
2014/8/1,1.262,1.262,,,1,0.72,开放申购,开放赎回,,,,
2014/7/31,1.253,1.253,,,1,0,开放申购,开放赎回,,,,
2014/7/30,1.253,1.253,,,1,0.56,开放申购,开放赎回,,,,
2014/7/29,1.246,1.246,,,1,0,开放申购,开放赎回,,,,
2014/7/28,1.246,1.246,,,1,1.96,开放申购,开放赎回,,,,
2014/7/25,1.222,1.222,,,1,0.41,开放申购,开放赎回,,,,
2014/7/24,1.217,1.217,,,1,-0.16,开放申购,开放赎回,,,,
2014/7/23,1.219,1.219,,,1,-1.46,开放申购,开放赎回,,,,
2014/7/22,1.237,1.237,,,1,0.73,开放申购,开放赎回,,,,
2014/7/21,1.228,1.228,,,1,0.99,开放申购,开放赎回,,,,
2014/7/18,1.216,1.216,,,1,0.08,开放申购,开放赎回,,,,
2014/7/17,1.215,1.215,,,1,-0.33,开放申购,开放赎回,,,,
2014/7/16,1.219,1.219,,,1,-1.3,开放申购,开放赎回,,,,
2014/7/15,1.235,1.235,,,1,0.57,开放申购,开放赎回,,,,
2014/7/14,1.228,1.228,,,1,0.33,开放申购,开放赎回,,,,
2014/7/11,1.224,1.224,,,1,-0.24,开放申购,开放赎回,,,,
2014/7/10,1.227,1.227,,,1,-0.49,开放申购,开放赎回,,,,
2014/7/9,1.233,1.233,,,1,-1.36,开放申购,开放赎回,,,,
2014/7/8,1.25,1.25,,,1,0.89,开放申购,开放赎回,,,,
2014/7/7,1.239,1.239,,,1,-0.88,开放申购,开放赎回,,,,
2014/7/4,1.25,1.25,,,1,-0.71,开放申购,开放赎回,,,,
2014/7/3,1.259,1.259,,,1,0.96,开放申购,开放赎回,,,,
2014/7/2,1.247,1.247,,,1,0.32,开放申购,开放赎回,,,,
2014/7/1,1.243,1.243,,,1,0.16,开放申购,开放赎回,,,,
2014/6/30,1.241,1.241,,,1,0.65,开放申购,开放赎回,,,,
2014/6/27,1.233,1.233,,,1,0.33,开放申购,开放赎回,,,,
2014/6/26,1.229,1.229,,,1,0.99,开放申购,开放赎回,,,,
2014/6/25,1.217,1.217,,,1,-0.49,开放申购,开放赎回,,,,
2014/6/24,1.223,1.223,,,1,0.66,开放申购,开放赎回,,,,
2014/6/23,1.215,1.215,,,1,1.17,开放申购,开放赎回,,,,
2014/6/20,1.201,1.201,,,1,0.42,开放申购,开放赎回,,,,
2014/6/19,1.196,1.196,,,1,-1.48,开放申购,开放赎回,,,,
2014/6/18,1.214,1.214,,,1,0,开放申购,开放赎回,,,,
2014/6/17,1.214,1.214,,,1,-0.65,开放申购,开放赎回,,,,
2014/6/16,1.222,1.222,,,1,-0.41,开放申购,开放赎回,,,,
2014/6/13,1.227,1.227,,,1,0.33,开放申购,开放赎回,,,,
2014/6/12,1.223,1.223,,,1,-0.08,开放申购,开放赎回,,,,
2014/6/11,1.224,1.224,,,1,0.74,开放申购,开放赎回,,,,
2014/6/10,1.215,1.215,,,1,0.75,开放申购,开放赎回,,,,
2014/6/9,1.206,1.206,,,1,-0.33,开放申购,开放赎回,,,,
2014/6/6,1.21,1.21,,,1,0.17,开放申购,开放赎回,,,,
2014/6/5,1.208,1.208,,,1,1.26,开放申购,开放赎回,,,,
2014/6/4,1.193,1.193,,,1,-1.08,开放申购,开放赎回,,,,
2014/6/3,1.206,1.206,,,1,0,开放申购,开放赎回,,,,
2014/5/30,1.206,1.206,,,1,0,开放申购,开放赎回,,,,
2014/5/29,1.206,1.206,,,1,-0.33,开放申购,开放赎回,,,,
2014/5/28,1.21,1.21,,,1,1.17,开放申购,开放赎回,,,,
2014/5/27,1.196,1.196,,,1,-0.58,开放申购,开放赎回,,,,
2014/5/26,1.203,1.203,,,1,1.43,开放申购,开放赎回,,,,
2014/5/23,1.186,1.186,,,1,1.19,开放申购,开放赎回,,,,
2014/5/22,1.172,1.172,,,1,0.6,开放申购,开放赎回,,,,
2014/5/21,1.165,1.165,,,1,1.22,开放申购,开放赎回,,,,
2014/5/20,1.151,1.151,,,1,-0.09,开放申购,开放赎回,,,,
2014/5/19,1.152,1.152,,,1,-0.86,开放申购,开放赎回,,,,
2014/5/16,1.162,1.162,,,1,-1.19,开放申购,开放赎回,,,,
2014/5/15,1.176,1.176,,,1,-1.59,开放申购,开放赎回,,,,
2014/5/14,1.195,1.195,,,1,0.5,开放申购,开放赎回,,,,
2014/5/13,1.189,1.189,,,1,-0.92,开放申购,开放赎回,,,,
2014/5/12,1.2,1.2,,,1,0.33,开放申购,开放赎回,,,,
2014/5/9,1.196,1.196,,,1,-0.42,开放申购,开放赎回,,,,
2014/5/8,1.201,1.201,,,1,0.08,开放申购,开放赎回,,,,
2014/5/7,1.2,1.2,,,1,-0.91,开放申购,开放赎回,,,,
2014/5/6,1.211,1.211,,,1,0.58,开放申购,开放赎回,,,,
2014/5/5,1.204,1.204,,,1,0.5,开放申购,开放赎回,,,,
2014/4/30,1.198,1.198,,,1,1.61,开放申购,开放赎回,,,,
2014/4/29,1.179,1.179,,,1,1.11,开放申购,开放赎回,,,,
2014/4/28,1.166,1.166,,,1,-2.83,开放申购,开放赎回,,,,
2014/4/25,1.2,1.2,,,1,-1.64,开放申购,开放赎回,,,,
2014/4/24,1.22,1.22,,,1,-1.05,开放申购,开放赎回,,,,
2014/4/23,1.233,1.233,,,1,-0.88,开放申购,开放赎回,,,,
2014/4/22,1.244,1.244,,,1,-1.11,开放申购,开放赎回,,,,
2014/4/21,1.258,1.258,,,1,-0.79,开放申购,开放赎回,,,,
2014/4/18,1.268,1.268,,,1,0.4,开放申购,开放赎回,,,,
2014/4/17,1.263,1.263,,,1,-0.32,开放申购,开放赎回,,,,
2014/4/16,1.267,1.267,,,1,-0.24,开放申购,开放赎回,,,,
2014/4/15,1.27,1.27,,,1,-0.55,开放申购,开放赎回,,,,
2014/4/14,1.277,1.277,,,1,0.55,开放申购,开放赎回,,,,
2014/4/11,1.27,1.27,,,1,0.95,开放申购,开放赎回,,,,
2014/4/10,1.258,1.258,,,1,-0.16,开放申购,开放赎回,,,,
2014/4/9,1.26,1.26,,,1,0.56,开放申购,开放赎回,,,,
2014/4/8,1.253,1.253,,,1,2.12,开放申购,开放赎回,,,,
2014/4/4,1.227,1.227,,,1,0.74,开放申购,开放赎回,,,,
2014/4/3,1.218,1.218,,,1,-0.16,开放申购,开放赎回,,,,
2014/4/2,1.22,1.22,,,1,-0.97,开放申购,开放赎回,,,,
2014/4/1,1.232,1.232,,,1,0.24,开放申购,开放赎回,,,,
2014/3/31,1.229,1.229,,,1,-0.57,开放申购,开放赎回,,,,
2014/3/28,1.236,1.236,,,1,-1.51,开放申购,开放赎回,,,,
2014/3/27,1.255,1.255,,,1,-1.34,开放申购,开放赎回,,,,
2014/3/26,1.272,1.272,,,1,1.68,开放申购,开放赎回,,,,
2014/3/25,1.251,1.251,,,1,0.08,开放申购,开放赎回,,,,
2014/3/24,1.25,1.25,,,1,-0.87,开放申购,开放赎回,,,,
2014/3/21,1.261,1.261,,,1,1.45,开放申购,开放赎回,,,,
2014/3/20,1.243,1.243,,,1,-2.05,开放申购,开放赎回,,,,
2014/3/19,1.269,1.269,,,1,-1.25,开放申购,开放赎回,,,,
2014/3/18,1.285,1.285,,,1,-0.39,开放申购,开放赎回,,,,
2014/3/17,1.29,1.29,,,1,1.1,开放申购,开放赎回,,,,
2014/3/14,1.276,1.276,,,1,-0.93,开放申购,开放赎回,,,,
2014/3/13,1.288,1.288,,,1,0.86,开放申购,开放赎回,,,,
2014/3/12,1.277,1.277,,,1,-0.16,开放申购,开放赎回,,,,
2014/3/11,1.279,1.279,,,1,1.43,开放申购,开放赎回,,,,
2014/3/10,1.261,1.261,,,1,-1.56,开放申购,开放赎回,,,,
2014/3/7,1.281,1.281,,,1,2.07,开放申购,开放赎回,,,,
2014/3/6,1.255,1.255,,,1,-1.57,开放申购,开放赎回,,,,
2014/3/5,1.275,1.275,,,1,-1.16,开放申购,开放赎回,,,,
2014/3/4,1.29,1.29,,,1,-1.3,开放申购,开放赎回,,,,
2014/3/3,1.307,1.307,,,1,0.69,开放申购,开放赎回,,,,
2014/2/28,1.298,1.298,,,1,0.23,开放申购,开放赎回,,,,
2014/2/27,1.295,1.295,,,1,-4.07,开放申购,开放赎回,,,,
2014/2/26,1.35,1.35,,,1,0.52,开放申购,开放赎回,,,,
2014/2/25,1.343,1.343,,,1,-2.54,开放申购,开放赎回,,,,
2014/2/24,1.378,1.378,,,1,0.07,开放申购,开放赎回,,,,
2014/2/21,1.377,1.377,,,1,0.07,开放申购,开放赎回,,,,
2014/2/20,1.376,1.376,,,1,-1.15,开放申购,开放赎回,,,,
2014/2/19,1.392,1.392,,,1,0.58,开放申购,开放赎回,,,,
2014/2/18,1.384,1.384,,,1,-0.14,开放申购,开放赎回,,,,
2014/2/17,1.386,1.386,,,1,0.95,开放申购,开放赎回,,,,
2014/2/14,1.373,1.373,,,1,2.39,开放申购,开放赎回,,,,
2014/2/13,1.341,1.341,,,1,-2.69,开放申购,开放赎回,,,,
2014/2/12,1.378,1.378,,,1,0.07,开放申购,开放赎回,,,,
2014/2/11,1.377,1.377,,,1,0.81,开放申购,开放赎回,,,,
2014/2/10,1.366,1.366,,,1,3.09,开放申购,开放赎回,,,,
2014/2/7,1.325,1.325,,,1,0.53,开放申购,开放赎回,,,,
2014/1/30,1.318,1.318,,,1,-0.68,开放申购,开放赎回,,,,
2014/1/29,1.327,1.327,,,1,0.91,开放申购,开放赎回,,,,
2014/1/28,1.315,1.315,,,1,0.31,开放申购,开放赎回,,,,
2014/1/27,1.311,1.311,,,1,-1.65,开放申购,开放赎回,,,,
2014/1/24,1.333,1.333,,,1,1.91,开放申购,开放赎回,,,,
2014/1/23,1.308,1.308,,,1,-0.46,开放申购,开放赎回,,,,
2014/1/22,1.314,1.314,,,1,1.62,开放申购,开放赎回,,,,
2014/1/21,1.293,1.293,,,1,0.31,开放申购,开放赎回,,,,
2014/1/20,1.289,1.289,,,1,-1.53,开放申购,开放赎回,,,,
2014/1/17,1.309,1.309,,,1,-1.36,开放申购,开放赎回,,,,
2014/1/16,1.327,1.327,,,1,-0.75,开放申购,开放赎回,,,,
2014/1/15,1.337,1.337,,,1,1.44,开放申购,开放赎回,,,,
2014/1/14,1.318,1.318,,,1,1.38,开放申购,开放赎回,,,,
2014/1/13,1.3,1.3,,,1,-0.08,开放申购,开放赎回,,,,
2014/1/10,1.301,1.301,,,1,-1.89,开放申购,开放赎回,,,,
2014/1/9,1.326,1.326,,,1,-0.45,开放申购,开放赎回,,,,
2014/1/8,1.332,1.332,,,1,1.52,开放申购,开放赎回,,,,
2014/1/7,1.312,1.312,,,1,0.77,开放申购,开放赎回,,,,
2014/1/6,1.302,1.302,,,1,-1.66,开放申购,开放赎回,,,,
2014/1/3,1.324,1.324,,,1,-0.3,开放申购,开放赎回,,,,
2014/1/2,1.328,1.328,,,1,3.19,开放申购,开放赎回,,,,
2013/12/31,1.287,1.287,,,1,0.63,开放申购,开放赎回,,,,
2013/12/30,1.279,1.279,,,1,-0.16,开放申购,开放赎回,,,,
2013/12/27,1.281,1.281,,,1,0.71,开放申购,开放赎回,,,,
2013/12/26,1.272,1.272,,,1,0.24,开放申购,开放赎回,,,,
2013/12/25,1.269,1.269,,,1,0.08,开放申购,开放赎回,,,,
2013/12/24,1.268,1.268,,,1,-0.24,开放申购,开放赎回,,,,
2013/12/23,1.271,1.271,,,1,2.92,开放申购,开放赎回,,,,
2013/12/20,1.235,1.235,,,1,-0.16,开放申购,开放赎回,,,,
2013/12/19,1.237,1.237,,,1,-0.72,开放申购,开放赎回,,,,
2013/12/18,1.246,1.246,,,1,0.32,开放申购,开放赎回,,,,
2013/12/17,1.242,1.242,,,1,0.65,开放申购,开放赎回,,,,
2013/12/16,1.234,1.234,,,1,-1.12,开放申购,开放赎回,,,,
2013/12/13,1.248,1.248,,,1,0.4,开放申购,开放赎回,,,,
2013/12/12,1.243,1.243,,,1,0.73,开放申购,开放赎回,,,,
2013/12/11,1.234,1.234,,,1,-0.32,开放申购,开放赎回,,,,
2013/12/10,1.238,1.238,,,1,-1.04,开放申购,开放赎回,,,,
2013/12/9,1.251,1.251,,,1,0.08,开放申购,开放赎回,,,,
2013/12/6,1.25,1.25,,,1,-0.16,开放申购,开放赎回,,,,
2013/12/5,1.252,1.252,,,1,-0.32,开放申购,开放赎回,,,,
2013/12/4,1.256,1.256,,,1,0.4,开放申购,开放赎回,,,,
2013/12/3,1.251,1.251,,,1,2.04,开放申购,开放赎回,,,,
2013/12/2,1.226,1.226,,,1,-3.08,开放申购,开放赎回,,,,
2013/11/29,1.265,1.265,,,1,0.96,开放申购,开放赎回,,,,
2013/11/28,1.253,1.253,,,1,0.56,开放申购,开放赎回,,,,
2013/11/27,1.246,1.246,,,1,0.81,开放申购,开放赎回,,,,
2013/11/26,1.236,1.236,,,1,0,开放申购,开放赎回,,,,
2013/11/25,1.236,1.236,,,1,0.98,开放申购,开放赎回,,,,
2013/11/22,1.224,1.224,,,1,-0.33,开放申购,开放赎回,,,,
2013/11/21,1.228,1.228,,,1,0.24,开放申购,开放赎回,,,,
2013/11/20,1.225,1.225,,,1,0.33,开放申购,开放赎回,,,,
2013/11/19,1.221,1.221,,,1,-0.57,开放申购,开放赎回,,,,
2013/11/18,1.228,1.228,,,1,0,开放申购,开放赎回,,,,
2013/11/15,1.228,1.228,,,1,0.66,开放申购,开放赎回,,,,
2013/11/14,1.22,1.22,,,1,1.08,开放申购,开放赎回,,,,
2013/11/13,1.207,1.207,,,1,-1.39,开放申购,开放赎回,,,,
2013/11/12,1.224,1.224,,,1,0.99,开放申购,开放赎回,,,,
2013/11/11,1.212,1.212,,,1,2.8,开放申购,开放赎回,,,,
2013/11/8,1.179,1.179,,,1,-1.42,开放申购,开放赎回,,,,
2013/11/7,1.196,1.196,,,1,-1.24,开放申购,开放赎回,,,,
2013/11/6,1.211,1.211,,,1,-1.22,开放申购,开放赎回,,,,
2013/11/5,1.226,1.226,,,1,0.16,开放申购,开放赎回,,,,
2013/11/4,1.224,1.224,,,1,-1.53,开放申购,开放赎回,,,,
2013/11/1,1.243,1.243,,,1,0.32,开放申购,开放赎回,,,,
2013/10/31,1.239,1.239,,,1,-1.12,开放申购,开放赎回,,,,
2013/10/30,1.253,1.253,,,1,1.38,开放申购,开放赎回,,,,
2013/10/29,1.236,1.236,,,1,-0.4,开放申购,开放赎回,,,,
2013/10/28,1.241,1.241,,,1,-1.19,开放申购,开放赎回,,,,
2013/10/25,1.256,1.256,,,1,-1.8,开放申购,开放赎回,,,,
2013/10/24,1.279,1.279,,,1,-0.78,开放申购,开放赎回,,,,
2013/10/23,1.289,1.289,,,1,-1.3,开放申购,开放赎回,,,,
2013/10/22,1.306,1.306,,,1,-0.68,开放申购,开放赎回,,,,
2013/10/21,1.315,1.315,,,1,2.49,开放申购,开放赎回,,,,
2013/10/18,1.283,1.283,,,1,-0.23,开放申购,开放赎回,,,,
2013/10/17,1.286,1.286,,,1,-1.15,开放申购,开放赎回,,,,
2013/10/16,1.301,1.301,,,1,-1.29,开放申购,开放赎回,,,,
2013/10/15,1.318,1.318,,,1,1.07,开放申购,开放赎回,,,,
2013/10/14,1.304,1.304,,,1,-0.61,开放申购,开放赎回,,,,
2013/10/11,1.312,1.312,,,1,0.15,开放申购,开放赎回,,,,
2013/10/10,1.31,1.31,,,1,-1.73,开放申购,开放赎回,,,,
2013/10/9,1.333,1.333,,,1,0.23,开放申购,开放赎回,,,,
2013/10/8,1.33,1.33,,,1,0,开放申购,开放赎回,,,,
2013/9/30,1.33,1.33,,,1,0.08,开放申购,开放赎回,,,,
2013/9/27,1.329,1.329,,,1,1.68,开放申购,开放赎回,,,,
2013/9/26,1.307,1.307,,,1,1.63,开放申购,开放赎回,,,,
2013/9/25,1.286,1.286,,,1,-1.3,开放申购,开放赎回,,,,
2013/9/24,1.303,1.303,,,1,0.77,开放申购,开放赎回,,,,
2013/9/23,1.293,1.293,,,1,2.29,开放申购,开放赎回,,,,
2013/9/18,1.264,1.264,,,1,1.28,开放申购,开放赎回,,,,
2013/9/17,1.248,1.248,,,1,-0.56,开放申购,开放赎回,,,,
2013/9/16,1.255,1.255,,,1,1.29,开放申购,开放赎回,,,,
2013/9/13,1.239,1.239,,,1,1.31,开放申购,开放赎回,,,,
2013/9/12,1.223,1.223,,,1,-0.24,开放申购,开放赎回,,,,
2013/9/11,1.226,1.226,,,1,-0.57,开放申购,开放赎回,,,,
2013/9/10,1.233,1.233,,,1,-1.36,开放申购,开放赎回,,,,
2013/9/9,1.25,1.25,,,1,-0.64,开放申购,开放赎回,,,,
2013/9/6,1.258,1.258,,,1,0.72,开放申购,开放赎回,,,,
2013/9/5,1.249,1.249,,,1,-0.48,开放申购,开放赎回,,,,
2013/9/4,1.255,1.255,,,1,-0.55,开放申购,开放赎回,,,,
2013/9/3,1.262,1.262,,,1,1.53,开放申购,开放赎回,,,,
2013/9/2,1.243,1.243,,,1,0.73,开放申购,开放赎回,,,,
2013/8/30,1.234,1.234,,,1,-1.83,开放申购,开放赎回,,,,
2013/8/29,1.257,1.257,,,1,0.08,开放申购,开放赎回,,,,
2013/8/28,1.256,1.256,,,1,-2.48,开放申购,开放赎回,,,,
2013/8/27,1.288,1.288,,,1,-0.16,开放申购,开放赎回,,,,
2013/8/26,1.29,1.29,,,1,1.1,开放申购,开放赎回,,,,
2013/8/23,1.276,1.276,,,1,1.03,开放申购,开放赎回,,,,
2013/8/22,1.263,1.263,,,1,1.12,开放申购,开放赎回,,,,
2013/8/21,1.249,1.249,,,1,0,开放申购,开放赎回,,,,
2013/8/20,1.249,1.249,,,1,-1.03,开放申购,开放赎回,,,,
2013/8/19,1.262,1.262,,,1,1.69,开放申购,开放赎回,,,,
2013/8/16,1.241,1.241,,,1,-2.21,开放申购,开放赎回,,,,
2013/8/15,1.269,1.269,,,1,-2.91,开放申购,开放赎回,,,,
2013/8/14,1.307,1.307,,,1,-0.38,开放申购,开放赎回,,,,
2013/8/13,1.312,1.312,,,1,-0.53,开放申购,开放赎回,,,,
2013/8/12,1.319,1.319,,,1,-0.45,开放申购,开放赎回,,,,
2013/8/9,1.325,1.325,,,1,-0.15,开放申购,开放赎回,,,,
2013/8/8,1.327,1.327,,,1,0.84,开放申购,开放赎回,,,,
2013/8/7,1.316,1.316,,,1,-1.5,开放申购,开放赎回,,,,
2013/8/6,1.336,1.336,,,1,1.21,开放申购,开放赎回,,,,
2013/8/5,1.32,1.32,,,1,2.01,开放申购,开放赎回,,,,
2013/8/2,1.294,1.294,,,1,-0.23,开放申购,开放赎回,,,,
2013/8/1,1.297,1.297,,,1,2.29,开放申购,开放赎回,,,,
2013/7/31,1.268,1.268,,,1,0,开放申购,开放赎回,,,,
2013/7/30,1.268,1.268,,,1,-1.55,开放申购,开放赎回,,,,
2013/7/29,1.288,1.288,,,1,-0.92,开放申购,开放赎回,,,,
2013/7/26,1.3,1.3,,,1,-0.61,开放申购,开放赎回,,,,
2013/7/25,1.308,1.308,,,1,-1.8,开放申购,开放赎回,,,,
2013/7/24,1.332,1.332,,,1,0.91,开放申购,开放赎回,,,,
2013/7/23,1.32,1.32,,,1,1.85,开放申购,开放赎回,,,,
2013/7/22,1.296,1.296,,,1,2.78,开放申购,开放赎回,,,,
2013/7/19,1.261,1.261,,,1,-1.41,开放申购,开放赎回,,,,
2013/7/18,1.279,1.279,,,1,-0.62,开放申购,开放赎回,,,,
2013/7/17,1.287,1.287,,,1,-2.43,开放申购,开放赎回,,,,
2013/7/16,1.319,1.319,,,1,-0.08,开放申购,开放赎回,,,,
2013/7/15,1.32,1.32,,,1,2.88,开放申购,开放赎回,,,,
2013/7/12,1.283,1.283,,,1,1.26,开放申购,开放赎回,,,,
2013/7/11,1.267,1.267,,,1,1.28,开放申购,开放赎回,,,,
2013/7/10,1.251,1.251,,,1,0.89,开放申购,开放赎回,,,,
2013/7/9,1.24,1.24,,,1,1.72,开放申购,开放赎回,,,,
2013/7/8,1.219,1.219,,,1,-0.49,开放申购,开放赎回,,,,
2013/7/5,1.225,1.225,,,1,-1.45,开放申购,开放赎回,,,,
2013/7/4,1.243,1.243,,,1,-1.35,开放申购,开放赎回,,,,
2013/7/3,1.26,1.26,,,1,1.2,开放申购,开放赎回,,,,
2013/7/2,1.245,1.245,,,1,3.66,开放申购,开放赎回,,,,
2013/7/1,1.201,1.201,,,1,2.83,开放申购,开放赎回,,,,
2013/6/30,1.168,1.168,,,0,-0.09,开放申购,开放赎回,,,,
2013/6/28,1.169,1.169,,,1,-0.85,开放申购,开放赎回,,,,
2013/6/27,1.179,1.179,,,1,-0.42,开放申购,开放赎回,,,,
2013/6/26,1.184,1.184,,,1,3.68,开放申购,开放赎回,,,,
2013/6/25,1.142,1.142,,,1,-1.13,开放申购,开放赎回,,,,
2013/6/24,1.155,1.155,,,1,-4.15,开放申购,开放赎回,,,,
2013/6/21,1.205,1.205,,,1,0.33,开放申购,开放赎回,,,,
2013/6/20,1.201,1.201,,,1,-3.07,开放申购,开放赎回,,,,
2013/6/19,1.239,1.239,,,1,-0.64,开放申购,开放赎回,,,,
2013/6/18,1.247,1.247,,,1,-0.56,开放申购,开放赎回,,,,
2013/6/17,1.254,1.254,,,1,2.28,开放申购,开放赎回,,,,
2013/6/14,1.226,1.226,,,1,2.51,开放申购,开放赎回,,,,
2013/6/13,1.196,1.196,,,1,-0.91,开放申购,开放赎回,,,,
2013/6/7,1.207,1.207,,,1,-1.15,开放申购,开放赎回,,,,
2013/6/6,1.221,1.221,,,1,-2.09,开放申购,开放赎回,,,,
2013/6/5,1.247,1.247,,,1,0.48,开放申购,开放赎回,,,,
2013/6/4,1.241,1.241,,,1,-1.35,开放申购,开放赎回,,,,
2013/6/3,1.258,1.258,,,1,-1.1,开放申购,开放赎回,,,,
2013/5/31,1.272,1.272,,,1,0.79,开放申购,开放赎回,,,,
2013/5/30,1.262,1.262,,,1,1.53,开放申购,开放赎回,,,,
2013/5/29,1.243,1.243,,,1,0.89,开放申购,开放赎回,,,,
2013/5/28,1.232,1.232,,,1,0.24,开放申购,开放赎回,,,,
2013/5/27,1.229,1.229,,,1,1.07,开放申购,开放赎回,,,,
2013/5/24,1.216,1.216,,,1,1.59,开放申购,开放赎回,,,,
2013/5/23,1.197,1.197,,,1,0.93,开放申购,开放赎回,,,,
2013/5/22,1.186,1.186,,,1,-0.25,开放申购,开放赎回,,,,
2013/5/21,1.189,1.189,,,1,1.28,开放申购,开放赎回,,,,
2013/5/20,1.174,1.174,,,1,-2.81,开放申购,开放赎回,,,,
2013/5/17,1.208,1.208,,,1,0,开放申购,开放赎回,,,,
2013/5/16,1.208,1.208,,,1,0.58,开放申购,开放赎回,,,,
2013/5/15,1.201,1.201,,,1,1.95,开放申购,开放赎回,,,,
2013/5/14,1.178,1.178,,,1,-1.01,开放申购,开放赎回,,,,
2013/5/13,1.19,1.19,,,1,-0.08,开放申购,开放赎回,,,,
2013/5/10,1.191,1.191,,,1,-0.5,开放申购,开放赎回,,,,
2013/5/9,1.197,1.197,,,1,-0.33,开放申购,开放赎回,,,,
2013/5/8,1.201,1.201,,,1,2.13,开放申购,开放赎回,,,,
2013/5/7,1.176,1.176,,,1,-0.34,开放申购,开放赎回,,,,
2013/5/6,1.18,1.18,,,1,1.03,开放申购,开放赎回,,,,
2013/5/3,1.168,1.168,,,1,2.1,开放申购,开放赎回,,,,
2013/5/2,1.144,1.144,,,1,1.42,开放申购,开放赎回,,,,
2013/4/26,1.128,1.128,,,1,-1.23,开放申购,开放赎回,,,,
2013/4/25,1.142,1.142,,,1,-0.17,开放申购,开放赎回,,,,
2013/4/24,1.144,1.144,,,1,2.05,开放申购,开放赎回,,,,
2013/4/23,1.121,1.121,,,1,-1.67,开放申购,开放赎回,,,,
2013/4/22,1.14,1.14,,,1,0.89,开放申购,开放赎回,,,,
2013/4/19,1.13,1.13,,,1,1.25,开放申购,开放赎回,,,,
2013/4/18,1.116,1.116,,,1,-0.53,开放申购,开放赎回,,,,
2013/4/17,1.122,1.122,,,1,2.28,开放申购,开放赎回,,,,
2013/4/16,1.097,1.097,,,1,0.73,开放申购,开放赎回,,,,
2013/4/15,1.089,1.089,,,1,-0.46,开放申购,开放赎回,,,,
2013/4/12,1.094,1.094,,,1,0,开放申购,开放赎回,,,,
2013/4/11,1.094,1.094,,,1,-0.09,开放申购,开放赎回,,,,
2013/4/10,1.095,1.095,,,1,-2.14,开放申购,开放赎回,,,,
2013/4/9,1.119,1.119,,,1,-1.84,开放申购,开放赎回,,,,
2013/4/8,1.14,1.14,,,1,1.42,开放申购,开放赎回,,,,
2013/4/3,1.124,1.124,,,1,-0.62,开放申购,开放赎回,,,,
2013/4/2,1.131,1.131,,,1,-4.15,开放申购,开放赎回,,,,
2013/4/1,1.18,1.18,,,1,0,开放申购,开放赎回,,,,
2013/3/29,1.18,1.18,,,1,-0.76,开放申购,开放赎回,,,,
2013/3/28,1.189,1.189,,,1,-0.67,开放申购,开放赎回,,,,
2013/3/27,1.197,1.197,,,1,2.31,开放申购,开放赎回,,,,
2013/3/26,1.17,1.17,,,1,0.09,开放申购,开放赎回,,,,
2013/3/25,1.169,1.169,,,1,-0.43,开放申购,开放赎回,,,,
2013/3/22,1.174,1.174,,,1,0.86,开放申购,开放赎回,,,,
2013/3/21,1.164,1.164,,,1,1.13,开放申购,开放赎回,,,,
2013/3/20,1.151,1.151,,,1,1.68,开放申购,开放赎回,,,,
2013/3/19,1.132,1.132,,,1,-0.88,开放申购,开放赎回,,,,
2013/3/18,1.142,1.142,,,1,-0.26,开放申购,开放赎回,,,,
2013/3/15,1.145,1.145,,,1,1.15,开放申购,开放赎回,,,,
2013/3/14,1.132,1.132,,,1,2.44,开放申购,开放赎回,,,,
2013/3/13,1.105,1.105,,,1,-0.18,开放申购,开放赎回,,,,
2013/3/12,1.107,1.107,,,1,-2.29,开放申购,开放赎回,,,,
2013/3/11,1.133,1.133,,,1,1.07,开放申购,开放赎回,,,,
2013/3/8,1.121,1.121,,,1,-1.49,开放申购,开放赎回,,,,
2013/3/7,1.138,1.138,,,1,-2.82,开放申购,开放赎回,,,,
2013/3/6,1.171,1.171,,,1,1.04,开放申购,开放赎回,,,,
2013/3/5,1.159,1.159,,,1,3.11,开放申购,开放赎回,,,,
2013/3/4,1.124,1.124,,,1,-0.62,开放申购,开放赎回,,,,
